First Name,Last Name,Email Address,Company,Position,Connected On
Marco,"Brito,CMSE, MLA, MLT, EX ATM",terotecbrito10@gmail.com,TEROTEC SOLUÇÕES PROATIVAS LTDA,Diretor e Educador,"6/4/18, 12:57 PM"
Thiago,Faria de Andrade,thiagofa@gmail.com,AlgaWorks,Founder,"7/7/17, 3:28 PM"
Gutemberg,Medeiros,gutemberg@gmedeiros.net,GMEDEIROS IT Solutions,CEO,"3/12/18, 10:11 AM"
André,Figueiredo,allfigueiredo@gmail.com,Phoebus Tecnologia,Development Manager,"3/18/18, 6:13 PM"
Mauricio,Linhares,mauricio.linhares@gmail.com,DigitalOcean,Senior Software Engineer,"2/14/17, 3:17 PM"
Cédric,Plot,cedricplot@smartpag.net,SMARTPAG,Associate Senior Consultant,"3/15/18, 6:30 AM"
Francisco Vilar,Brasileiro,fubica@dsc.ufcg.edu.br,Distributed Systems Laboratory,Coordenator,"3/14/18, 5:35 AM"
Túlio,Oliveira,tulio.tadeu@gmail.com,Stefanini,Gerente de Serviço,"3/16/18, 6:40 AM"
Ednaldo,Dilorenzo,ednaldo_dilorenzo@hotmail.com,"Instituto Federal de Educação, Ciência e Tecnologia da Paraiba",Professor,"12/24/15, 10:22 AM"
Thiago,Silva,thiago.manel@gmail.com,Universidade Federal de Campina Grande,Professor,"4/9/18, 10:02 AM"
Hyggo,Almeida,hyggo.almeida@gmail.com,Federal University of Campina Grande,Professor,"3/12/18, 1:37 AM"
Luiz,"Mauricio, PhD.",souluizmauricio@gmail.com,Universidade Federal da Paraíba,Professor,"4/7/18, 6:08 PM"
Angelo,Perkusich,perkusic@dee.ufcg.edu.br,Federal University of Campina Grande,Full Professor,"3/20/18, 12:25 PM"
Isabel,Nunes,beldillnunes@gmail.com,UFRN - IMD,Adjunct Professor,"3/9/18, 4:38 PM"
André Atanasio,Maranhão Almeida,andre.atanasio@gmail.com,"Instituto Federal de Educação, Ciência e Tecnologia da Paraiba",Professor,"3/6/18, 5:44 PM"
Eriko,"Brito, MSc, PMP®, MBA",eriko.brito@gmail.com,DATAPREV,IT Analyst,"3/12/18, 3:42 PM"
Felipe,Ribeiro,felipernb@gmail.com,Spotify,Lead Software Engineer,"3/14/18, 3:15 PM"
Hebert,Duarte,hebert.duarte@gmail.com,CIn - Center for Informatics,Software Engineer,"3/23/18, 10:02 AM"
Lorena,Lira,lorenalir@gmail.com,Amdocs,Senior Software Engineer,"3/17/18, 7:45 AM"
Ricardo,Araújo Santos,ricoaraujosantos@gmail.com,Laboratório de Sistemas Distribuídos - UFCG,Product Owner,"3/22/18, 3:15 AM"
Abmar,Barros,abmargb@gmail.com,Amazon,Software Engineer,"4/22/18, 1:18 AM"
Pablo,Oliveira Antonino,pabloantonino@gmail.com,Fraunhofer-Institut für Experimentelles Software Engineering IESE,"Department Head ""Embedded Software Engineering""","4/19/18, 8:22 AM"
Wilkerson,Andrade,wilkerson@computacao.ufcg.edu.br,Universidade Federal de Campina Grande,Professor,"3/14/18, 5:06 PM"
Laércio,Vitorino,laerciovitorino@outlook.com,Lenovo / Software Practices Laboratory,Web Developer,"3/14/18, 4:25 AM"
Fabricio,Medeiros,fabricioambr@hotmail.com,Ibratin Bahia Ind e Com Ltda,Gerente Regional de Vendas NO/NE,"5/7/18, 5:55 AM"
Giuseppe,Lima,giuseppeanl@gmail.com,"Instituto Federal de Educação, Ciência e Tecnologia da Paraiba",Professor,"7/18/16, 6:45 AM"
Marcus Vinícius,de Barros Pontes,marcusviniciusbp@gmail.com,Freelancer,Senior Frontend Developer,"3/10/18, 9:11 AM"
Felipe,Lima,felipe.alima@gmail.com,SoftSell,Software Developer,"3/19/18, 9:02 AM"
Maurilio,Silva,maurilio.tk2k@gmail.com,SIDIA - Samsung Instituto de P&D da Amazônia,Senior Software Developer,"3/8/18, 7:57 AM"
Jaciara,Domingos Elisiário,jaciaraelisiario@yahoo.com.br,"II SETC - Semana de Engenharia, Tecnologia e Computação do IFMG Campus Bambuí",Designer Gráfico,"7/13/18, 10:29 AM"
MARCELO,VEIGA,marceloveiga@hotmail.com,"COMO ENRIQUECER, GUIA DE AÇÕES (BR) e STOCKSGUIDE (USA)",CEO  and Founder,"3/12/18, 5:37 AM"
Flávio,Ramalho,f.ramalhoo@gmail.com,SUSE,Cloud Automation Engineer,"3/14/18, 11:38 AM"
Thiago,Sales,thiagobrunoms@gmail.com,Universidade Federal de Alagoas,"Professor of Computer Science, Federal University of Alagoas","4/13/18, 11:39 AM"
Anne Caroline,Rocha,annecaroline@gmail.com,Universidade Federal da Paraíba,Analista de Sistema,"5/6/18, 5:54 PM"
Marcus,Antonius,contato@marcusantonius.com.br,Conductor Tecnologia em Meios de Pagamento,Analista Desenvolvedor,"3/16/18, 11:13 AM"
Kirk,"Bryde, CDA",kirkbryde@gmail.com,Telstar Agility,Agile Project Manager / Agile Coach / Sr. Scrum Master,"9/4/17, 11:27 AM"
David Anderson,Lino de Sousa,david.anderson.lino@gmail.com,Spotify,Senior Software Engineer,"3/28/18, 7:37 AM"
Alysson,Milanez,alyssonfilgueira@gmail.com,,,"3/19/18, 9:52 AM"
Marcio,Lins,marcio.aclins@gmail.com,IMW Tecnologia da Informação,Diretor de Serviços,"3/12/18, 10:24 AM"
João Paulo,de Medeiros Porto,jp2902@gmail.com,SONDA,Operations Manager,"4/5/18, 12:13 PM"
Tiago,Reul,tiagoreul@gmail.com,Changers.com,Android Engineer,"3/27/18, 8:27 AM"
Robson,Diniz,robsonjsdiniz@gmail.com,Accenture,Systems Analyst,"3/15/18, 4:06 AM"
Felipe,Pontes,felipepontes@gmail.com,Signove (signove.com),Owner,"5/10/18, 5:14 AM"
Fábio,Albuquerque,fabio.albukerk@gmail.com,UNIPÊ - Centro Universitário de João Pessoa,Pró-Reitor de Pós-Graduação e Educação Continuada,"3/12/18, 1:44 PM"
MARCELA,BARROS,,Control Construções Ltda.,Analista de Gente e Gestão,"3/11/18, 4:25 PM"
Diego,Pedro,diegopedro@gmail.com,IFSUL - Instituto Federal Sul-rio-grandense,Substitute Teacher,"5/8/18, 8:40 PM"
Fábio,Leal,sousaleal.fabio@gmail.com,Points Rocket,Product Manager,"3/14/18, 9:09 PM"
Adriano Santos,", PhD MSc MBA BSc",adriano@copin.ufcg.edu.br,Laboratório de Inteligência Computacional em Bio Energia - LInCE,Project Manager and Data Scientist Researcher,"3/10/18, 5:14 AM"
Sidnei,Medeiros Vicente,sidneimv@gmail.com,Tribunal de Justica de SP,Escrevente Técnico Judiciário,"8/16/18, 2:05 PM"
Ronycley,Agra,ronycley@bitsolucoes.info,Bit Tecnologia e Energias Renováveis,Desenvolvedor de Aplicações WEB,"4/19/18, 12:23 PM"
Dalton,Valadares,daltoncezane@gmail.com,"Instituto Federal de Educação, Ciência e Tecnologia de Pernambuco",Professor,"5/4/18, 10:25 AM"
Marcus,Vinícius,marcusvmleite@gmail.com,EPAM Systems,Senior Software Engineer,"3/16/18, 3:05 PM"
Isaac,Babsky Neto,isaac.babsky@gmail.com,Accenture,Senior Manager,"6/27/18, 4:00 AM"
Rodrigo,Barbosa,rodrigo.barba.88@gmail.com,Freelancer,Desenvolvedor,"3/12/18, 6:34 AM"
Saulo,Henrique,saulohlm@gmail.com,Dataprev,System Analyst,"5/3/18, 5:51 AM"
Fábio,do Carmo Gomes,contato@fabiodocarmo.com,Conductor Tecnologia em Meios de Pagamento,Engenheiro de software sênior,"3/17/18, 10:32 AM"
Cristina,Minami,minamicr@yahoo.com.br,Flexvision Universal Management,Analista de sistemas java,"7/15/18, 5:07 PM"
Edisio,Nascimento,edisio.nascimentojr@gmail.com,KIFARMA Rede de Farmácias Ltda.,Analista de negócios em TI,"3/5/18, 6:18 AM"
Miguel Maurício,Isoni,miguelisoni@uol.com.br,FabWork,Co-Founder ,"3/4/18, 4:43 AM"
Natã,Melo,nata.venancio.melo@gmail.com,Smartiks,Software Engineer,"4/17/18, 9:13 AM"
Michele,Paiva,michele_rodrigues2004@hotmail.com,Servindustria Ltda,Gerente Comercial,"3/11/18, 5:55 PM"
Celso,Martins,celso.av.martins@gmail.com,Taller Negócios Digitais,Chief Operating Officer,"2/14/17, 1:48 PM"
Leonardo,Costa,leonardodacosta@outlook.com,DACOSTA - Soluções Criativas,UX Designer,"3/16/18, 2:49 PM"
Henderson,Ramon,hendersonramon@outlook.com,Facottur,Coordenador,"3/16/18, 10:43 AM"
Larissa,Lucena Vasconcelos,larissalucena@gmail.com,IFPB,Professora,"8/24/16, 8:39 AM"
Leandro,"Xavier, MSc",leandrocx@gmail.com,Consigno,Diretor financeiro,"3/29/18, 7:20 PM"
Philipe,Fernandes,contato@jokerss.com.br,Vox Tecnologia,Senior Software Architect,"3/24/18, 1:24 PM"
Diogo,Moreira,diogo.dmoreira@gmail.com,"Instituto Federal de Educação, Ciência e Tecnologia da Paraiba",Professor,"3/7/18, 10:05 AM"
Huayna,Tejo,huayna@gmail.com,Soda Virtual,Cofounder & Director,"3/19/18, 4:54 AM"
Nadja,Pessoa,liderup.nadjapessoa@gmail.com,"Instituto Federal de Educação, Ciência e Tecnologia da Paraíba",Professora Facilitadora do Programa de Formação de Gestores por Competências,"4/18/18, 4:58 PM"
Leandro,Ramalho,leandro.ramalho75@gmail.com,Pauta Assessoria de Comunicação,Assessor de Imprensa,"5/28/18, 6:32 AM"
Alysson,Ferreira,alyssonferreira@outlook.com,Stefanini,Analista de Recursos Humanos,"3/12/18, 8:44 AM"
Aline,Neves,alineconsultorarh@hotmail.com,Aline Neves Gestão de pessoas ,Consultora de Gestão de Pessoas,"7/17/18, 9:56 AM"
Heitor,Meira,htrmeira@gmail.com,Avarteq GmbH,Platform Engineer,"4/15/18, 2:11 PM"
Diógenes,Bezerra Pereira,ads.diogenes@gmail.com,Autônomo,Analista de suporte técnico,"3/15/18, 9:00 AM"
Heber,Freitas,hebergutenberg@gmail.com,GA+INFORMATICA,Técnico em Informática,"5/6/18, 9:13 AM"
Sáskya,Gurgel,saskyagurgel@gmail.com,CAERN,Analista de Sistemas,"3/6/18, 12:25 PM"
Sergio,Melo,sergiomeloarte@gmail.com,TC Indústria e Comércio de produtos químicos,Diretor de marketing,"3/13/18, 7:11 AM"
Clebson,Ribeiro,clebson.r@gmail.com,Que Roupa Eu Vou,Coordenador de Marketing,"7/21/18, 6:26 AM"
Renato,de Luna,deluna.developer@gmail.com,Freelance,Front-End Developer,"4/1/16, 7:01 AM"
QiSat - ,Cursos aplicados a engenharia e arquitetura,qisat@qisat.com.br,AltoQi Tecnologia aplicada à engenharia,spine off,"6/27/18, 9:53 AM"
Paula,Santana,psanrosa13@gmail.com,Itaú Unibanco,Arquiteta de Soluções Digitais,"3/24/18, 4:15 PM"
"João Calby Filho,","ITIL, PRINCE2",joao.calby@gmail.com,Eng4Sys - Engenharia e Sistemas S/S LTDA,Analista de Sistemas,"3/9/18, 4:33 PM"
Gutemberg,Alves,gutemberg.alves22@gmail.com,Home Work ,User support technicians,"3/31/18, 9:19 AM"
Thiago,Gonçalves,thiagolima85@gmail.com,Núcleo de Tecnologias Estratégicas em Saúde - NUTES (UEPB),Estagiário,"5/14/18, 4:22 AM"
Talita,Lôbo,talitabac@gmail.com,Laboratório Analytics,Scrum master & tech leader,"4/24/18, 7:22 AM"
Marcos A. S.,Silva,marcos@marcosantonio.net.br,ibyte. Mais que tecnologia.,Técnico na iOne Apple Premium Reseller,"3/9/18, 2:43 PM"
Kyller,Gorgonio,kyller@outlook.com,Universidade Federal de Campina Grande,Professor,"3/12/18, 7:05 AM"
Valdevan,Mendes de Santana,valdevan.santana@bol.com.br,Agropecuária Jacarezinho,Coordenador fiscal,"7/10/18, 8:28 PM"
Elias,Delson Santiago,eliasdelson@hotmail.com,ABF Engenharia,Coordenador de Departamento Pessoal,"3/15/18, 8:01 PM"
Rodrigo,Pimentel,pimentelmsn@hotmail.com,DATASHOP COM E SERVIÇO DE INFORMATICA LTDA,Gerente comercial,"8/23/18, 4:05 AM"
Aislan,Monteiro,aislanmlima@gmail.com,Embedded Systems and Pervasive Computing Lab,Software Engineer,"3/15/18, 7:53 AM"
Marco,Crasto Jr,marco@marcocrasto.com.br,Agile Imóveis,CEO,"4/4/18, 8:16 AM"
Paulo,Ouriques,ourixilva@gmail.com,Toptal,Software Engineer,"8/3/18, 6:58 AM"
Rafael,Farias,rafaefarias@gmail.com,Tribunal Regional do Trabalho da 13ª Região,Analista Judiciário - Tecnologia da Informação,"4/27/18, 7:17 AM"
Raildo,Mascena,raildom@gmail.com,Red Hat,Software Engineer,"3/14/18, 4:30 AM"
Alex,de Araujo,alexdearaujo23@bol.com.br,ADA,Gerente,"8/7/18, 4:57 AM"
Bruno,"Luna Ribeiro, CTFL",brunoluna85@gmail.com,"Reliant Solutions - Automates Technology For Retail, Hospitality & C-Store Merchants",Analista de QA,"3/7/16, 3:23 AM"
Jordao,Serafim,jordaoesa@gmail.com,"Virtus, UFCG",Software Engineer,"3/14/18, 5:54 AM"
SILVIO,BRASILEIRO,slbrasileiro@gmail.com,Faculdade IESP,Professor,"3/19/18, 4:31 AM"
YURI CLARK,FERNANDES DAS NEVES,yuriclarkent@gmail.com,INFOSOL SISTEMAS,Desenvolvedor de Aplicativos Móveis (Android),"5/15/18, 12:03 PM"
Cleisson,Christian,cleissonr@gmail.com,PISEC - Segurança da Informação,CEO e Professor,"3/14/18, 4:07 PM"
Alexandre,Saraiva Carniato,alexandre.carniato@hotmail.com,Instituto de Previdência do Município de João Pessoa,Gerente de Investimentos,"9/15/18, 3:21 PM"
Adrian Castillo,Mendoza,ad_rian21@hotmail.com,ORAMEX,President ORAMEX  (Oracle User Group México) ,"9/22/18, 10:52 AM"
Max,Azevêdo,max.azvd@gmail.com,Digivox,Desenvolvedor de software,"3/12/18, 4:28 PM"
Diego,Buriti Araujo,diegoburiti@gmail.com,Northvolt,Test Engineer,"3/29/18, 2:04 PM"
🔵 Milene,Oliveira,mileneosousa@gmail.com,Centro de Ensino Grau Técnico,Professora,"3/26/18, 9:59 AM"
Rodolfo,Gonçalves de Luna Freire,rodolfod2r2@gmail.com,Conductor Tecnologia em Meios de Pagamento,Analista Desenvolvedor II,"7/17/18, 8:27 PM"
Jimmy Felipe,Gomes dos Santos,jimmyf3l1pe@gmail.com,Polícia Militar da Paraíba,Analista de Projetos,"5/1/18, 8:55 AM"
Alessander,Leite,alessander.logistica@gmail.com,Nomadlog Brastan Tecnologia Ferroviaria Ltda.,Estágio em Desenvolvimento Android,"3/19/18, 4:48 PM"
Matheus,Sampaio,matheus@sampaio.us,Wizeline,Lead Software Engineer,"5/21/18, 3:39 PM"
Manoel,Pereira Leite Neto,leonamleite@gmail.com,"Virtus, UFCG",Senior Developer,"3/12/18, 5:04 AM"
Gleice Ellen,Silva,gleiceellensilva@hotmail.com,BS Tecnologia e Serviços Ltda.,Analista de Sistemas,"3/19/18, 8:54 AM"
Alexandre,Oliveira,alexandre@alexandreoliveira.com,Obler,Head of Design,"11/18/17, 5:00 AM"
Thiago,Sobreira,thiagosdias@gmail.com,"Virtus, UFCG",Designer Pleno,"3/15/18, 5:29 AM"
Marcus,Oliveira,m.vncius@gmail.com,Daitan Group,Especialista em Desenvolvimento de Software,"3/16/18, 9:27 AM"
Arthur,Farias,arthur.farias@ee.ufcg.edu.br,Embedded Systems and Pervasive Computing Laboratory,Junior Engineer,"4/2/18, 12:08 AM"
Eduardo,Moura,eduardosmoura@gmail.com,"Concepta, Inc",Lead Software Developer,"3/14/18, 6:03 AM"
Pamploni,Cadé,pamploni@plsoft.com.br,PLSoft,Sócio-Gerente,"3/12/18, 5:49 AM"
ELSON,DANTAS,dantas_elson@hotmail.com,Autobate Baterias ,Motorista de fretes,"3/19/18, 4:00 PM"
Weisberg,Barros,weisbergbsf@gmail.com,Cárdio Diagnóstico,Analista de sistemas,"3/9/18, 9:49 AM"
Alexsandra,Lino Santos Ferreira,alexandra.lino1@yahoo.com.br,Coahing for life,Coaching For Life ,"8/2/18, 3:41 PM"
Matheus,Brasileiro Campos,matheusbc@gmail.com,"Virtus, UFCG",Software Developer,"3/14/18, 5:10 AM"
Diógenes,Gondim,diogenesgg@gmail.com,"Quimbik, Inc.",Software Engineer,"3/14/18, 5:49 AM"
Josiberto,Batista,josibertobatista@gmail.com,SEBRAE PB,Gestor de Eventos,"3/11/18, 4:22 PM"
Evelyn,S. Farias,evyufcg@gmail.com,Universidade Federal de Campina Grande - UFCG,DSc candidate in Computer Science,"3/28/18, 7:58 AM"
Jailson Costa,.,jailsoncosta.keizer@hotmail.com,Bonanza Supermercados,Supervisor De Vendas ( Unilever ),"3/18/18, 9:08 AM"
Renata,Ribeiro,renata.ribeiro@alertinformatica.com.br,Alert Informatica,Diretora Comercial,"8/8/18, 1:33 PM"
ETEMBERG,RIBEIRO,etembergribeiro@hotmail.com,Armazém Paraíba (N. Claudino),Técnico em segurança do trabalho,"3/12/18, 12:40 PM"
André,Leite,andre.guimaraes.leite@gmail.com,Distributed Systems Laboratory,Researcher/Developer,"3/28/18, 7:24 AM"
Oswaldo,Prandi,oswaldo.prandi@navistar.com.br,MWM Motores Diesel,Key Accout,"9/10/18, 11:12 AM"
João Ademar,de Andrade Lima,joaoademar@yahoo.com.br,Unifacisa Centro Universitário,Professor,"3/15/18, 8:02 AM"
Fábio,Silva,fabio.fernando.osilva@gmail.com,Laboratório de Sistemas Distribuídos,Undergraduate Research Assistant,"3/16/18, 12:56 PM"
Marcos,Almeida,maalmeida1837@gmail.com,DATAPREV,Business Architect at Dataprev,"8/27/16, 2:43 PM"
Caio,Paes,caiocmpaes@gmail.com,Xapo,Desenvolvedor Front-end,"3/15/18, 9:44 AM"
Miguel,Ricardo Dias,miguelrdias@gmail.com,BRQ,Programador Visual Studio,"8/22/18, 3:14 PM"
Charles Wendel,Barroso Oliveira,charles.wendel@hotmail.com,RGB Brasilgás,Gerente Comercial,"3/11/18, 5:10 PM"
Marta Regina,Gomes,mrgomes.dev@gmail.com,Vox Tecnologia,Coordenadora de Projetos,"3/12/18, 7:18 PM"
Paulo,Carvalho,paulo@carvalhoconsultoria.com.br,SENAC PB,Professor / Facilitador,"4/14/18, 3:05 PM"
Thalita,Gonçalves,thatis@gmail.com,"Virtus, UFCG",Analista de Qualidade de Software Júnior,"5/14/18, 12:36 PM"
Renan,Ribeiro,renanrba@gmail.com,Finastra,Expert Business Consultant,"3/12/18, 6:29 PM"
Emanuella,Cavalcante,manuh-ramos@hotmail.com,GFT Group,Senior System Analyst,"7/30/18, 6:52 AM"
Renan,Silva,renan.pinto.s@gmail.com,"Virtus, UFCG",Desenvolvedor de software,"6/14/18, 5:54 AM"
Giovani,Barbosa,giovanibarbosa@gmail.com,"Virtus, UFCG",Full Data Analist,"3/14/18, 4:35 AM"
David,Candeia,davcandeia@gmail.com,"Instituto Federal de Educação, Ciência e Tecnologia da Paraiba",Professor de Ensino Técnico e Tecnológico,"3/14/18, 4:01 PM"
Antonio,Fortunato,prfortunatofarias@hotmail.com,Infogenius,Professor,"3/31/18, 8:50 PM"
Fred,Queiroz,freddqueiroz@gmail.com,Kenner,IT Infrastructure Coordinator,"3/12/18, 5:15 AM"
Edson,Alves,edson.pessoal@gmail.com,Atacadão dos Eletrodomésticos (Atacadão dos Eletros),Gerente de TI,"4/10/17, 9:31 AM"
Adriano,Tito,aotito@gmail.com,Dataprev,Analista de Tecnologia da Informação,"3/6/18, 8:46 AM"
Arthur,Lima Oliveira,ruhtra.bike@hotmail.com,Stefanini,Estagiário,"3/9/18, 5:03 PM"
Maiara,Oliveira de Jesus,maiaraoliveira.dejesus@gmail.com,Open Labs SA,Desenvolvedor de back end,"8/9/18, 9:03 AM"
Anderson,Lobo Feitosa,andersonlf@gmail.com,Cabal Brasil,Solutions Architect,"3/16/18, 7:30 AM"
Iara, Ribeiro,iara.prbr@gmail.com,Koru Distribution,Developer,"3/21/18, 7:18 AM"
Renato,Rodrigues,renato.rodrigues@softcomtecnologia.com.br,Softcom Tecnologia,Diretor,"3/12/18, 2:17 PM"
Joao Paulo,Targino,joaotargino@gmail.com,Udacity,Code Reviewer and Mentor,"3/14/18, 5:49 AM"
Samir,Trajano Feitosa,samircc20092@gmail.com,"Virtus, UFCG",Senior Software Engineer,"3/14/18, 9:17 AM"
Flávio Fabrício,Ventura de Melo Ferreira,flaviofabricio@gmail.com,Ford Motor Company,Embedded Software Engineer : Verification Tests Integrator (HIL) & Release Management (FIP),"3/19/18, 9:05 AM"
Gustavo,"Farias, PMP",gugafarias@gmail.com,Udemy,Instrutor,"3/17/18, 7:50 AM"
Elizangela,Ramos de Souza,elizangelaramos06@gmail.com,Softcom Tecnologia-João pessoa,Supervisora Comercial,"5/6/18, 9:25 AM"
Teacher Davi,Mendes,getfluencyonline@gmail.com,GET FLUENCY - ESCOLA DE INGLÊS MÓVEL,Diretor e Professor,"3/15/18, 7:19 PM"
Naftali,Ferreira,naftalicm@gmail.com,orbitall stefanini,Analista,"8/2/18, 8:00 PM"
Larry,Pavanery,larrypavanery@gmail.com,Universidade Federal de Campina Grande,Scrum master,"3/13/18, 5:15 PM"
Sergio,Diniz,sergiodinizsh@gmail.com,Universidade Estadual da Paraíba,Analista/Desenvolvedor de Sistemas,"3/26/18, 4:41 AM"
Vanir,dos Santos,vsantos@alpargatas.com.br,Alpargatas,Gerente de Desenvolvimento Criativo,"9/11/17, 10:54 AM"
BRUNA,LUNA MELO,brunafreires@hotmail.com,Stefanini,Analista de Recursos Humanos,"3/3/18, 4:52 PM"
Adriano,Almeida de Freitas,adriano.freitas@msn.com,Alpargatas S.A.,Acionista,"3/14/18, 3:04 PM"
Marcos Flávio,Costa,marcosflaviodasilvacosta@gmail.com,Kaple Consultoria,Sócio,"3/13/18, 12:25 PM"
Carla Pontes,Gestão de RH,rh.carla.oliveira@hotmail.com,Cia Sisal Do Brasil Cosibra,Gerente de RH,"3/16/18, 2:36 PM"
Amanda,Souza,amanda.minueza@hotmail.com,Nova Link Telecom,Devops,"3/11/18, 5:27 AM"
Milton,Flávio de Oliveira Fernandes,miltonflavio1980-25@hotmail.com,M&F ORGANIZAÇÕES,SÓCIO / GERENTE,"3/10/18, 6:26 PM"
Mirko,Perkusich,mirkoperkusich@hotmail.com,"Instituto Federal de Educação, Ciência e Tecnologia da Paraiba",Professor,"7/19/16, 9:02 AM"
🔵Diego,Veloso,pessoa_diego@hotmail.com,Pronatec,Professor de tecnologia da informação,"3/14/18, 12:31 PM"
Luiz Alexandre,Cabral Escorel,lalexcabral@gmail.com,"Virtus, UFCG",Senior Software Engineer Technical Lead,"8/19/18, 7:18 PM"
Leonardo,Alves dos Santos,santos.leonardoalves@gmail.com,ClearSale,Analista de desenvolvimento,"4/4/18, 6:16 AM"
Alberto,David,albertodavid_jpa@hotmail.com,Incoplast Embalagens do Nordeste Ltda.,Lider de Expedic,"3/18/18, 8:17 AM"
Shirley,Cavalcante,shirleycavalcantt@hotmail.com,Portal Literário Divulga Escritor,Editora,"3/12/18, 5:46 PM"
Ebenézer Nóbrega,Mendes Pessoa,ebenezernobrega.advocacia@gmail.com,Procurando novas oportunidades,Procurando emprego,"5/29/18, 6:05 AM"
Thais,Carvalho,annethais@yahoo.com.br,Sansat,Gerente de RH e Financeiro.,"7/11/18, 5:19 AM"
Janeide de,Medeiros Silva,janeide_medeiros@yahoo.com,Prefeitura Municipal de Mogeiro,Auxiliar Administrativa ,"3/19/18, 12:34 PM"
junior,Cardoso ,junior_jp1@hotmail.com,PREFEITURA MUNICIPAL DE JOAO PESSOA,Professor de ciências,"3/14/18, 7:41 PM"
🔵Juliana,Rocha,juliana.rocha.lira@hotmail.com,Atacadão dos Eletrodomésticos (Atacadão dos Eletros),Subgerente,"7/2/18, 5:12 PM"
Emerson,Diego,diegowebby@gmail.com,Tribunal Regional do Trabalho da 13ª Região,Senior Java Developer,"3/19/18, 7:53 PM"
Gilzelia,Figueiredo,gil_figueiredo@msn.com,Jornal A União,Chefe de Publicidade,"3/12/18, 11:42 AM"
Matheus,Batista Silva,matheus.silva@splab.ufcg.edu.br,Software Practices Laboratory,Líder de equipe,"3/14/18, 6:53 AM"
Tony,Almeida,tonyalmeida.aps@hotmail.com,MEDNET - Medicina e Segurança do Trabalho,Gerente comercial franquias,"3/13/18, 6:53 PM"
Vagner,Barbosa,contato@vagnerbarbosa.com,Secretaria do Trabalho e Desenvolvimento Social - STDS,Instrutor,"3/9/18, 12:18 PM"
Erivaldo,Fernandes Coutinho,erivaldofcfilho@yahoo.com.br,Usina Petribu S/A,Analista Comercial Sr. ,"3/13/18, 4:15 PM"
Maciano Sousa,sousa,macianosousa@yahoo.com.br,Laboratório Viden Patologia,Executivo comercial,"7/9/18, 3:03 PM"
Ana Carolina,Coutinho,anacarolina.coutinho83@gmail.com,Salon Line Brasil,Faturista,"3/27/18, 1:26 PM"
Marcia,Silva,marciadrhmatriz@hotmail.com,Orbitall,Analyst Personnel Department,"4/20/18, 7:01 AM"
Thiago,Vasconcelos,thiagoovcf@gmail.com,Conductor Tecnologia,Software Test Engineer,"3/19/18, 5:45 PM"
Allan,Serra Corretor,allanserracorretor@gmail.com,Allan Serra Corretor,Corretor de Imóveis,"3/27/18, 1:05 PM"
Cícero Aristofânio,Garcia de Araújo,aristofanio@hotmail.com,"Instituto Federal de Educação, Ciência e Tecnologia da Paraiba",Professor Efetivo,"3/12/18, 8:11 AM"
Marcone,Souza,smarcone@bol.com.br,Paulista faculdade de estética,Professor,"6/10/18, 10:37 AM"
Fabrício Paz,Costa,fpc_1234@hotmail.com,Plastipak Packaging,TÉCNICO ELETRÔNICO SÊNIOR,"3/19/18, 9:00 AM"
Mauricio,Soares .'.,mauricioasjr@gmail.com,Auttar Processamento de Dados Ltda,Analista de Serviços,"3/22/18, 5:03 AM"
Patricia,Pimentel,patricia.vivina@hotmail.com,Faculdade EESAP,Gerente de Pós-Graduação,"4/18/18, 9:40 AM"
Leandro Urbano,da Silva,lleourbanos@hotmail.com,Fazenda Amway Nutrilite do Brasil,Supervisor de Compras,"3/11/18, 4:19 PM"
Celso,Ferrari,celsodferrari@gmail.com,Geek Hunter Brasil,Co Founder,"3/26/18, 3:04 PM"
Francisco,Barros,kiko.ufcg@gmail.com,Youcanevent,Full-stack Developer,"3/14/18, 4:31 AM"
Mateus,Lima,ehpramim@gmail.com,"Instituto Federal de Educação, Ciência e Tecnologia da Paraiba",Professor,"3/10/18, 12:45 PM"
George,Tomaz,george_tomaz@hotmail.com,Mantovane Móveis Projetados,Assistente admistrativo,"3/5/18, 4:17 PM"
Diego,Tavares,tavares.diego@outlook.com,"Virtus, UFCG",Software Developer,"3/14/18, 4:10 AM"
Valéria ,Ottoni,vottoni2012@gmail.com,Profumata Velas Artesanais,Proprietário,"3/14/18, 5:53 PM"
Roberto,De carvalho brito,beto.mil@hotmail.com,I-Prosper,Consultor de Recolocação,"3/10/18, 8:25 AM"
José,Alves,josealvescostajr@gmail.com,Senai Pernambuco,Coordenador VENDAS,"6/19/18, 3:38 PM"
Yuri,Farias Gomes,yurifariasg@gmail.com,adidas,Software Engineer,"3/17/18, 7:36 PM"
Alan,Grangeiro,alan.grangeiro@hotmail.com,MRV Engenharia,Gestor Comercial,"3/10/18, 2:22 AM"
Alex,Galvao,alexgalvao@gmail.com,"Virtus, UFCG",Design Team Leader,"6/12/18, 4:29 AM"
Thiago,Xavier,tx.thiago@gmail.com,"Virtus, UFCG",UX/UI Designer,"3/14/18, 4:32 AM"
Marcelo,Fernandes,marcelo.freire88@gmail.com,Indra,Devops,"3/12/18, 7:25 AM"
Sidney,Brito,sidneymobile@bol.com.br,Stalker Engenharia ,Coordenador de projetos,"3/11/18, 11:44 AM"
Paulo Sérgio,Dos Santos Araujo,paulo.araujo@ccc.ufcg.edu.br,Software Practices Laboratory,Software Developer,"3/8/18, 2:55 AM"
Bethânia,Ceballos,bethania.ceballos@gmail.com,Juristas Certificação Digital,Gerente geral comercial,"4/26/18, 6:57 AM"
Alberto,Bastos,antonioalberto87@gmail.com,Cubico Sustainable Investments,BOP Engineering,"3/19/18, 5:35 AM"
Elvis,Barboza,elvishab@hotmail.com,União Química Farmacêutica Nacional S/A,Analista de Controle de Qualidade,"8/23/18, 4:05 AM"
Waldomiro,Bezerra de Menezes,bezerrademenezes1@live.com,,,"3/20/18, 4:23 AM"
Paula,Aquino,pah.jc@hotmail.com,TIVIT,Tech Lead / Java Senior Developer ,"7/13/18, 7:45 AM"
Carlos Henrique S.,Albuquerque,carlosnino777@hotmail.com,ABR Pisos e Revestimento,Gerente Administrativo,"3/13/18, 1:42 PM"
Bruno,Alexandre Chaves,brunoalexandrejp@uol.com.br,ErgoSaúde,Analista de Recursos Humanos,"6/14/18, 9:27 AM"
Rafael,Costa,rafaelcscosta@hotmail.com,Magneti Marelli,Supervisor de Qualidade,"3/12/18, 3:55 PM"
Adriana,Henriques,fragranciasopzione@gmail.com,Oi S.A,Vendas,"3/12/18, 7:27 PM"
Telles,Nobrega,tellesnobrega@gmail.com,Red Hat,Software Engineer,"3/17/18, 12:23 PM"
Cosmos,Novos Negócios,cosmosempreendimentos.br@gmail.com,Cosmos Negocios Imobiliarios,Consultor e Perito avaliador de Imoveis.,"8/23/18, 9:54 AM"
Rafael,Aquino de Carvalho,rafael.aquinodecarvalho@gmail.com,"Reliant Solutions - Automates Technology For Retail, Hospitality & C-Store Merchants",DevOps Engineer,"3/17/18, 1:41 PM"
Nayara,Barbosa,naykelly.ara@gmail.com,Softplan Planejamento e Sistemas,Analista Desenvolvedora Java,"3/26/18, 11:19 AM"
Cristiane,De França,julyveras01@hotmail.com,Gusmao Planejamento E Obras,Encarregada Departamento Pessoal,"5/7/18, 6:21 AM"
Germano,Gualberto,gmanopoliano@gmail.com,Accenture Brasil,Analista júnior,"4/1/18, 6:46 AM"
Ely,Richardson,ely.richardson@gmail.com,Fundação Assistencial da Paraíba - FAP,Gerente de projetos de TIC,"3/10/18, 12:05 AM"
Anderson,Alves de Lima,andersoonalvess@gmail.com,"Virtus, UFCG - Núcleo de Pesquisa, Desenvolvimento e Inovação em Tecnologia da Informação, Comunicaç",Software Engineer,"3/13/18, 10:20 AM"
Yuri,Melo,yurisnm@gmail.com,"Virtus, UFCG",Software Developer,"3/14/18, 4:32 AM"
Osvaldo,Miguel,dado.miguel@bol.com.br,Ata-Organizacao De Servi̤os Profissionais Ltda,Projetista 3D Sênior,"3/12/18, 1:29 AM"
Eder,Pontes,eder.p.silva@oi.com.br,FAJOLCA e NAGEM,Educador e Analista Financeiro (Crédito),"3/21/18, 1:14 AM"
Rafael,Romano,rafaelromanno@hotmail.com,Klabin,Supervisor de Produção Onduladeiras,"3/20/18, 6:05 AM"
Rafaela,da Silva Zarantonello,rafaeladslima@gmail.com,Buscando recolocação profissional.,Assistente jurídico,"3/13/18, 11:01 AM"
Guilherme,Santos,guisgb13@gmail.com,CloudTaxi,Freelance Android Software Developer,"3/6/18, 7:50 PM"
Pedro,Pacheco,users2010@gmail.com,Campina Tec,Analista de Infraestrutura Sênior,"3/22/18, 6:41 AM"
Paulo,Oliveira,paulooliveira10@globo.com,Transvip,Analista de suporte,"9/12/18, 10:49 AM"
Elizabeth,Menezes,bethcristina18@bol.com.br,Shopping Center Tacaruna S.A.,Recepcionista,"3/19/18, 8:55 PM"
Marcela,Menezess,marcelamenezess@hotmail.com,Coremal Pochteca,Analista de Depto Pessoal,"3/7/18, 2:06 AM"
Diego,Bezerra,diego.bezerra@gmail.com,HappyFunCorp,Software Engineer,"3/14/18, 5:02 AM"
Marcos Henrique,Mozzini,mhmuccini@gmail.com,Elizabeth Cimentos Ltda,Estagiário de engenharia,"3/3/18, 2:56 PM"
Charles,Holmes Jácome,charlesjacome@gmail.com,UBLIV,Diretor de projetos,"3/14/18, 2:32 PM"
Fernando,Teixeira Alves de Araujo,fernandoftaa@yahoo.com.br,Superbid Leilões Online,Desenvolvedor Java Pleno,"3/21/18, 8:55 AM"
Lucca,Lima,meetlucca@gmail.com,W1 Consultoria Financeira,Trainee,"12/9/17, 5:22 AM"
Emanuel,"Filho, PMP",emanueldan@gmail.com,"Instituto Federal de Educação, Ciência e Tecnologia da Paraiba",Professor / Coordenador ,"4/16/16, 8:37 AM"
Aristoteles,Terceiro Neto,aristotelest@gmail.com,Grupo Cornélio Brennand,Coordenador de Engenharia Eletro-Eletrônica,"8/13/18, 5:49 PM"
Luana Mayara,Fernandes Schlesinger,lumayara.ads@gmail.com,"LCG, Inc.",Entry Level Full Stack Software Developer,"3/6/18, 8:21 AM"
Leonardo,Alves,leonardoalves.tai@gmail.com,Faculdade Maurício de Nassau,Docente,"3/19/18, 11:24 AM"
Antonio Marcos,Lourenco,amarcosln@bol.com.br,M. Dias Branco,Analista Comercial,"3/13/18, 7:01 AM"
Igor,Cavalcanti,igorcavalcanti.informatica@gmail.com,Tv Itararé,Tecnico em Telecomunicações,"3/12/18, 8:34 AM"
Carolina,Maia,carollamaia@hotmail.com,UNICORP João Pessoa,Estudante de MBA.,"4/4/18, 7:14 AM"
Marcus,Patriota,macusvp@gmail.com,Accenture,Analista Siebel Pleno,"3/6/16, 6:43 PM"
Eliseu,Santos,eliseu.manoel@hotmail.com,Atvos,Analista de planejamento sênior,"8/19/18, 12:57 PM"
José Norberto dos,Santos Rocha,nor668@hotmail.com,Accenture,Analista Pleno,"3/10/18, 2:20 AM"
Thiago,Pablicio,pabliciotjg@gmail.com,Secreti,Desenvolvedor de software sênior,"5/8/18, 6:06 AM"
Jefte,Estevão,jefte5@hotmail.com,HostDime Brasil,Central de atendimento,"3/11/18, 4:15 PM"
Oliver,De Castro Mendoza,olivercastro2002@gmail.com,Unifacisa Centro Universitário,Estagiário,"3/13/18, 7:52 PM"
Millena,Rodrigues,millena_hanna@yahoo.com.br,A.R.V Auto Center,Sócio,"8/31/18, 7:55 AM"
Tiago,Gomes,gomes.tg@hotmail.com,FábricaDS Soluções em Tecnologia,Java Analyst,"4/6/18, 11:51 AM"
Mara Lise,Dantas,dantascavalcanti@hotmail.com,MRH Gestão de Pessoas e Serviços Ltda,Coordenadora Filial PB,"3/29/18, 1:49 PM"
Carolina,Barroca,cbarroca@bol.com.br,Unicorp Pós-Graduações,Coordenadora do MBA em Gestão de Negócios Digitais ,"3/12/18, 7:00 AM"
Paulo Luiz C.,Guimarães Neto,g.netinho17@gmail.com,SL7 Tecnologia,Auxiliar de Processamento de Dados,"3/12/18, 4:29 AM"
Caitano Junior, - CTFL,caitanojunior@gmail.com,"Virtus, UFCG",Software Test Analyst,"3/9/18, 10:46 AM"
Franz,Hummendez,hummendez_975@hotmail.com,,,"3/28/18, 6:51 AM"
Guilherme,Monteiro,guilhermemonteiro.sgi@gmail.com,COPERGÁS,Coordenador de Distribuição,"3/20/18, 4:22 PM"
Hugo,Feitosa de Figueirêdo,hugoff@gmail.com,"Instituto Federal de Educação, Ciência e Tecnologia da Paraiba",Professor,"2/8/18, 4:38 AM"
Bruno,Paiva,brunofpaiwa@gmail.com,"Quimbik, Inc.",Software Engineer,"3/9/18, 10:46 AM"
Samuel,Pereira,samuel.p.araujo@gmail.com,ThoughtWorks,Senior Software Engineer,"3/14/18, 6:12 PM"
Fernando,Fontes,fernandofontescastro@gmail.com,FIAP,Professor Especialista MBA,"9/10/18, 11:12 AM"
Tiaraju,Smaneoto,tiarajums@gmail.com,VTEX The True Cloud Commerce Platform,Developer,"3/14/18, 8:10 AM"
Otávio,Lima,otaviosilvalima@gmail.com,Grab,Software Engineer,"3/15/18, 12:15 AM"
Leandro,Soares,lndrobrito@gmail.com,Accenture,Software Development Analyst,"3/20/18, 6:45 PM"
Paulo,"Lira, MBA, SFC™",paulo.liraa@gmail.com,"Concepta, Inc",Desenvolvedor full stack,"3/14/18, 4:31 AM"
Filipe,Costa,s.costa.filipe@gmail.com,Quandoo,Frontend Engineer,"3/14/18, 4:53 AM"
Ellyson,Ribeiro,elly13ribeiro@gmail.com,RGB Brasil Gás,Comercial,"3/13/18, 7:34 AM"
Mailton,Guimaraes Santos,mailtonsantos@gmail.com,Stefanini,Analista de Suporte,"3/16/18, 10:13 AM"
Vinicius,Silva,vinicius.contrigo@hotmail.com,Grupo Boticário,Consultor comercial,"3/16/18, 3:32 AM"
Pedro,Marcelino,criacao.triplo@gmail.com,Pedro Marcelino Agência Digital,Diretor,"3/26/18, 9:31 AM"
Fernanda Aparecida,Ferreira,ferreira.aparecidaf@gmail.com,AMEnergia,Programadora Júnior,"9/4/18, 12:40 PM"
Grupo,RLucena,gruporlucena@hotmail.com,Gruporlucena Publicidade Virtual,Contato,"3/12/18, 5:00 AM"
Hellen Matildes,Rodrigues Sá Silva,hellenmatildes@gmail.com,Universidade Federal do Piauí,Professora Pesquisa ,"3/24/18, 5:05 AM"
Vanderlan,Gomes,vanderlan.gs@gmail.com,Software Practices Laboratory,Engenheiro de desenvolvimento de software sênior,"5/1/16, 10:02 AM"
Sttiwe,Washington,sttiwew@gmail.com,,,"9/24/18, 3:46 AM"
Francisco,Genemes,genemes@gmail.com,Freelancer,Desenvolvedor,"3/6/18, 7:51 AM"
Catharine,Quintans Bezerra,catharinequintans@gmail.com,"Virtus, UFCG",QA Test Analyst,"3/16/18, 4:11 AM"
FERREIRA,CORRETOR,ferreiraproducaoeeventos@hotmail.com,CORRETOR DE IMÓVEIS CRECI 5606,Corretor de Imóveis,"3/28/18, 6:50 AM"
Matheus,Luna,matheusdiluna@hotmail.it,UPTIME – Comunicação em Inglês,Professor,"3/22/18, 3:31 PM"
Rafael,Nilton,rafaelniltonwd@hotmail.com,Software Practices Laboratory,Software Developer,"3/14/18, 2:32 PM"
Emerson,Matias,emersonmatias@bol.com.br,SELTA,Supervisor,"3/19/18, 12:18 PM"
Renato,Monteiro,,JVGCONSULTORIA,Diretor  Comercial ,"3/14/18, 5:37 AM"
Jose Junior,de Almeida,jojalmeida@outlook.com,Universidade Cruzeiro do Sul,Desenvolvedor Java Pleno,"8/25/18, 1:47 PM"
Amanda,Carvalho,amandacarvalho24@gmail.com,Unimed Norte/Nordeste,Estagiário de documentação de software,"3/19/18, 8:51 AM"
RODRIGO,LEAL,rodrigo.leal100@outlook.com,VidroCenter Temperados,Gerente de Planejamento,"8/16/18, 5:20 AM"
Uian Sol,Gorgônio,sol.uian@gmail.com,Smartiks,Software Engineer,"3/14/18, 6:27 AM"
Raiff,Santos,raiff_santos@hotmail.com,Sistema Find Online,Desenvolvedor de sistemas,"3/13/18, 12:25 PM"
Emilia,Vilar,emiliaanjos@gmail.com,Coteminas,Analista de TI Senior,"3/9/18, 7:53 PM"
Christian,Bisacchi Devezas,christianchcbcd@gmail.com,Wipro Limited,JDE Developer - Cargill,"8/4/18, 7:23 AM"
Clodoaldo,Nascimento,clodoaldoxavier@hotmail.com,Pandenor Imp e Exp LTDA,Supervisor de compras,"3/11/18, 4:14 PM"
Cristian,Trucco,cristianvitortrucco@gmail.com,Concrete Solutions,DevOps Engineer,"4/13/18, 7:46 AM"
Germano,Melo,germanomelo1@gmail.com,Softec Informatica,Analista/Desenvolvedor,"6/16/18, 1:35 PM"
RISLLANE,FERNANDES GUEDES,risllane_tjg@hotmail.com,AeC Contact Center,Atendimento ao cliente,"5/21/18, 11:12 AM"
Cayo,Mesquita,cayomesquita@gmail.com,Sicoob Confederação,Java Developer,"3/16/18, 2:44 AM"
Thiago,Sampaio,thiagonego@gmail.com,Conductor Tecnologia em Meios de Pagamento,IT Manger,"3/17/18, 10:02 AM"
Larissa,Braz,larissanadja@gmail.com,Universidade Federal de Campina Grande,Estudante de Doutorado - Ciência da Computação,"3/16/18, 10:28 AM"
Wilton,G. Neto,consultwilton@gmail.com,,Consultor imobiliário em Alagoas,"3/13/18, 5:49 AM"
Mateus,Vieira,mateuslima_adm@hotmail.com,Universidade Estadual da Paraíba,Professor substituto,"3/22/18, 6:52 AM"
Roberto,França,robertofranca.rec@bol.com.br,Solar Magazine,Gerente de loja,"3/11/18, 8:04 AM"
ANALU,NEVES,analuarnoud@gmail.com,Estudante de Gestão em Recursos Humanos,Universitária Gestão em Recursos Humanos,"3/12/18, 9:42 AM"
Gilmar,Batista,gilmarjunio.batista@gmail.com,Assert - IFPB,Software Quality Assurance Leader na Assert ,"3/12/18, 5:30 AM"
Breno,Polanski,breno.polanski@gmail.com,Meteorite BI,Software Engineer,"3/10/18, 3:17 AM"
Nathaniel,Lacerda,nathaniel.lacerda@gmail.com,Laboratório de Sistemas de Informação - LSI/UFCG,Pesquisador/Desenvolvedor,"4/3/18, 4:48 AM"
marcelo,junior,marcelojunior18@yahoo.com.br,Resolutec Comercio e Serviços em Tecnologia da Informação,Tecnico em Desenvolvimento de Sistemas e Aplicações - Nível I Junior,"3/22/18, 8:53 AM"
Wagner,Machado,wagnerpb@yahoo.com.br,Camaleão Comunicação Criativa ,Social Media ,"3/12/18, 7:29 AM"
Elenilson,Lima,hellenylsoncdt@hotmail.com,FIP- Pós Graduação,Professor,"3/9/18, 11:26 AM"
Francislei,Reis,rfrancislei@gmail.com,Cartão Elo,IT Specialist,"5/28/18, 3:59 PM"
Francisco,Germano de Araújo Neto,fgan1@hotmail.com,Universidade Federal de Campina Grande,Scrum master/Manager,"3/20/18, 4:16 AM"
Adilson R de Assis,Assis,sallimassis@gmail.com,SALLIM SOLUÇÃO,Despachante Geral,"8/25/18, 1:47 PM"
Tarciso,Braz de Oliveira Filho,tarcisocomp@gmail.com,Laboratório Analytics,Data Analyst,"4/26/18, 5:27 AM"
Manoel,Bezerra,manoelbz.adm@gmail.com,Construtora Ferreira Guedes S/A,Assistente Administrativo/Financeiro,"3/8/18, 1:09 PM"
Lucas,Albuquerque,lucas.ufcg@gmail.com,Luxoft,IT Team Lead,"3/14/18, 10:11 AM"
Felipe,Felix,ffsilva13@hotmail.com,pósgraduaçãofip,Diretor comercial e de Marketing,"4/11/18, 6:29 AM"
Wagner,Abreu,wagner.abreucz@gmail.com,Digivox,Programador Júnior,"3/6/18, 8:43 AM"
Jean,Araújo,jeanfelipe_85@hotmail.com,RD,Analista Pl. Engenharia e Manutenção ,"3/19/18, 9:43 AM"
Cássio,Oliveira,cassiosume@gmail.com,Universidade Estadual da Paraíba - UEPB,Técnico em Informática,"4/26/16, 9:38 AM"
Wilde,Arruda,wildearruda@gmail.com,,,"7/6/16, 9:59 AM"
Estanlay ,Robson ,estanlayr@yahoo.com,Auto Viação 1001 Ltda,encarregado de manutenção ,"3/19/18, 5:35 AM"
Deysiane,Sousa,deysiane.sousa@yahoo.com,Concrete Solutions,Programmer,"9/5/18, 8:20 AM"
Jhonatan,Silva,,Pernambuco Distribudora,Analista de Qualidade Pleno - SAC,"3/15/18, 6:28 PM"
Alexandre,Feitosa,afeitosa29@gmail.com,SONDA,Analyst Developer,"3/27/18, 3:39 AM"
Caio,Vidal,caiovidaln@gmail.com,QFome,Co Founder,"5/14/18, 2:45 PM"
Cleverson Túlio,.'.,tuliogastao3@hotmail.com,EFICAZ - Serviços e Consultória Ltda,  Gerente Negocial,"8/23/18, 4:05 AM"
Elysangela,Souza,elysangeladesouza@gmail.com,Home Office,Sistema de recomendação para o Github,"1/28/16, 12:26 PM"
Rafael,Nanes,rafaelbraga_22@hotmail.com,Aubay,Java Consultant,"3/19/18, 9:28 AM"
ALUISIO,ATACADÃO,aluisiosebastio@hotmail.com,Atacadão,Representante comercial,"3/14/18, 1:40 PM"
Rafael,R. Fontenele,rafaelrfontenele@gmail.com,Software Practices Laboratory,Software Developer,"9/11/18, 11:40 AM"
Witalo Carlos,Xavier Albuquerque,witalocarlos@gmail.com,SIDIA - Samsung Instituto de P&D da Amazônia,Engenheiro de software,"4/26/16, 8:41 AM"
Carlos,Avelino,carlos.avelino2.0@gmail.com,Escola Estadual José Leite de Souza,Professor,"3/1/17, 1:53 PM"
Hugo,Correia,hhuggo.correia@gmail.com,Neurotech,Analista de dados,"3/3/16, 5:59 AM"
Alcides,Neto,aldrato@gmail.com,"Instituto Federal de Educação, Ciência e Tecnologia do Ceará",Professor,"12/24/15, 11:24 AM"
FLÁVIO,SOUZA,alunofbv@hotmail.com,Produquímica,Supervisor de manutenção,"3/11/18, 7:12 PM"
Joelmir,Leite,joelmirlc@gmail.com,Accenture,Developer System Analyst,"3/27/18, 6:35 PM"
Alek,Maracaja,alekmaracaja@gmail.com,Abradi - PB,President,"3/21/18, 6:55 PM"
Marcos,Conceição,marc94rc@gmail.com,Sanar,Gestor de TI,"8/20/18, 12:33 PM"
Rafaela,Silva,rafissimacg@gmail.com,Escola Virgem de Lourdes (Lourdinas),Advogada,"3/15/18, 8:24 AM"
Airton Lira,Junior,airtonlirajr@gmail.com,Conductor Tecnologia em Meios de Pagamento,Analista de Desenvolvimento II,"4/9/18, 11:44 AM"
Rafael,Freitas,rafaeldigital@live.com,Instituto Amaro da Luz,Management Partner,"8/1/18, 4:44 PM"
Cleonece,Macedo,cleonece@hotmail.com,assosiação do trt,"aux de serv gerais,","5/3/18, 5:12 PM"
Ricardo,Wagner,ricwag.si@gmail.com,IPMJP - Instituto de Previdência do Municipio de João Pessoa,Senior Designer,"4/6/18, 5:49 AM"
Rohit,Gheyi,rohitgheyi@gmail.com,Universidade Federal de Campina Grande,Professor Adjunto,"3/14/18, 5:45 AM"
Everson,Silva,ever2lopes@gmail.com,TNT Mercurio,Analista de Risco Jr.,"7/17/18, 1:03 AM"
Andryw,Marques,andryw.neo@gmail.com,SEEK,Data Scientist,"3/21/18, 10:25 AM"
Saulo,"Toledo, MSc",saulotoledo@gmail.com,Universitetet i Oslo (UiO),PhD Candidate,"3/14/18, 8:23 AM"
Francisco,Thiago,fthiagomedeiros@gmail.com,"Virtus, UFCG","Java, Android, Spring, AWS, REST, GIT, Agile (Scrum)","3/14/18, 4:09 PM"
Diego,Farias,diego.soares.farias@hotmail.com,Unimed Campina Grande,Analista de sistemas,"11/18/17, 5:00 AM"
Caio,Jerônimo,caiolibanio@gmail.com,Universidade Federal de Campina Grande,Researcher,"3/14/18, 7:52 AM"
Émerson,Cantalice,emersoncantalicee@gmail.com,Accenture,Analista/Desenvolvedor de Sistemas,"3/9/18, 8:36 PM"
Marcelo,Cavalcanti da Silva,marcelo36.cavalcanti@gmail.com,AJJ Móveis Escolares,Vendedor externo,"5/18/18, 4:58 PM"
Tales,Tenorio Pimentel,tales.tsp@gmail.com,Laboratório de Sistemas Distribuídos,Junior Data Scientist,"3/14/18, 5:01 AM"
Cássio,Espíndola,cassioafonso@gmail.com,Conductor,Analyst Developer,"3/14/18, 6:24 AM"
André Yuri,Alves Soares Gois,andrecg16@gmail.com,Virtus,Desenvolvedor de software,"3/14/18, 12:22 PM"
Gustavo,Silva,,Inorpel Industria Nordestina De Produtos Eletricos,Diretor de Serviços,"9/3/18, 2:16 PM"
Marconi,Chaves Ramos,markcony@hotmail.com,,Psicólogo,"3/12/18, 3:05 PM"
Anderson,España,andersonefds@gmail.com,GW Sistemas,Junior Java Developer,"5/8/18, 4:33 AM"
Erik,Freire,erik.freire@hotmail.com,Confiauto Veículos,Executivo de vendas,"7/20/18, 12:26 PM"
erinaldo,moura do nascimento,moura.erinaldo@bol.com.br,pmr,educador,"3/3/18, 4:54 PM"
Catarina,Silva,catarina.ufcg@gmail.com,"Virtus, UFCG",Web Developer,"3/14/18, 6:10 AM"
Humberto,Braz,humberto.perfect@hotmail.com,Diagfarma,Assistente de Recursos Humanos,"3/12/18, 6:18 PM"
Camila,Araújo,camila.r.araujo@gmail.com,UBM plc,Executiva de Contas,"3/14/18, 3:02 AM"
Luiz,Leopoldo e Silva,produtora2010@hotmail.com,Red Fish Cinematographic,Chief Executive Officer,"3/10/18, 5:17 PM"
Deivid,Candido da Silva,deividsilva120912@gmail.com,Multipel Distribuidora,Consultor de vendas,"3/13/18, 4:15 PM"
Maurício,"Castro, PMP",castro_mc@hotmail.com,Claro,Gerente de Projetos Senior - PMO Pré Pago,"9/4/18, 11:06 AM"
Davi,Neto,antonio.davi.neto@hotmail.com,DN1,CEO,"3/22/17, 10:41 AM"
Vinícius,Silva,viniciusmarques.js@gmail.com,"Virtus, UFCG",Junior Software Engineer Hybrid Mobile for Epson,"3/28/18, 6:01 AM"
Geovania,Pabulla,geovaniapabulla@outlook.com,Go Publics,CEO,"9/12/17, 5:16 AM"
Carlos,Kilinskas,ckilinskas@cylk.com.br,CA&K Solutions ,Executivo de Contas,"3/20/18, 7:49 AM"
Luiz Carlos,Santos Souza Filho,luizcsouza1183@gmail.com,Auditech Consultoria e Auditoria Tributária,CEO,"5/25/18, 6:38 AM"
Israel,Gomes,modelador.criar3d@gmail.com,Autônomo,Desenvolvedor de Sistemas,"3/28/18, 11:45 PM"
Rodrigo,de Freitas,rodrigo.o.d.freitas@gmail.com,Accenture,Analista de Sistemas,"3/6/18, 8:26 AM"
Matheus,De Lima,matheusdelimagomes@gmail.com,WDCOM - MÍDIA DIGITAL,Manager Software Development,"3/13/18, 6:22 AM"
Deivid,Azevedo de Lima,deividazevedo1@gmail.com,Linx S.A.,Java Software Developer,"12/28/15, 12:00 PM"
Widancássio,Galindo,widancassio.ads@gmail.com,Accenture,Analista de Testes de Software,"3/15/16, 5:34 AM"
Jorge,Junior,jrgjnr@gmail.com,Stefanini,Analista de suporte técnico,"3/19/18, 9:50 AM"
Ítalo,Lima,italo__pl@hotmail.com,Accenture,Associate Software Developer,"3/26/18, 8:06 PM"
Paulo,Fradique,imperial.742@gmail.com,Empresa Pernambuco de Comunicação S.A.,jornalista,"6/21/18, 5:11 PM"
Emmanuell,Ramalho,emmanuellramalho@gmail.com,Laranja Net,Gerente de sistemas e de redes,"4/7/18, 10:55 PM"
Pedro,Henriques,pedrohn13@gmail.com,"Virtus, UFCG","Full Stack Web Developer, Android Developer and Desktop WPF Developer","3/12/18, 6:23 AM"
Guilherme,Emmanuel,guilherme1.0emmanuel@gmail.com,"Virtus, UFCG",Full Stack Web and Android Senior Developer,"3/14/18, 5:23 AM"
Bruno,Vasconcelos,bruno.rafael.vasconcelos@ccc.ufcg.edu.br,Laboratório de Inteligência Computacional em Bio Energia - LInCE,Desenvolvedor de software,"3/14/18, 5:24 PM"
Normando,Vitorino,asdefpe@gmail.com,IDH Business & Consulting,CEO e Founder,"3/6/18, 10:35 AM"
Vladwoguer,Bezerra,vladwoguerbezerra@gmail.com,"Virtus, UFCG",Senior Software Developer,"3/13/18, 2:01 PM"
Ebenézer,Mello,dmello.adm@gmail.com,Bradesco,Bancário,"3/13/18, 4:13 PM"
Francica cardinalle,Oliveira Leite,cardina-lle@hotmail.com,em busca de uma recolocação,operadora de caixa,"8/4/18, 6:24 AM"
idnaldo,leal,IDNALDO@mistertem.com.br,mistertem comercio de aços e metais ltda,empresario,"3/6/18, 8:35 AM"
FABIO ,ANDRADE,hikarifabio@yahoo.com.br,CONSTRUTORA SANTO ANTONIO,Assistente administrativo,"3/19/18, 4:12 AM"
André Iago,Albuquerque,iago079@gmail.com,"Virtus, UFCG",Developer,"3/14/18, 3:10 PM"
Rômullo,Lemos,romullo.lemos@hotmail.com,RR Transporte e Logística,Gerente ADM | Financeiro | Comercial ,"3/19/18, 4:15 PM"
Diego,Piala,diegopialas@gmail.com,Inex Consulting,Analista Desenvolvedor Java/SOA,"8/17/18, 10:47 AM"
Delano,Mota,dcmota@hotmail.com,DATADEL Consultoria,Consultor de TI e Analise de Sistemas,"3/9/18, 10:05 AM"
Luiz,Filho,luizoaf@gmail.com,UFCG / Eletrobras,Freelancer (home office),"3/14/18, 1:58 PM"
KRISDANY,APOLINARIO SOBRINHO,krisdanyg@gmail.com,Stefanini,Analista de suporte de TI,"4/4/18, 9:52 AM"
Jailson ,Souza,jailsonsouzacg@gmail.com,JR Consultoria ,Assessor jurídico,"3/12/18, 5:00 AM"
Rennata,Raposo,rennataraposo@gmail.com,Grupo 6Sigma,Analista de Pesquisa,"3/12/18, 5:13 PM"
Guilherme Miller,FERREIRA DA SILVA,GUILHERMEMILLER@live.com,Universidade do Estado de Santa Catarina,Bolsista Pós-Graduação,"3/19/18, 9:35 AM"
Sávio,Costa,saviohcosta@gmail.com,Unifacisa Centro Universitário,IT Supervisor,"4/4/18, 4:21 AM"
Carlos,de Queiroz,acarlosdequeiroz@hotmail.com,Construtora Sam Ltda,Armador de Ferragem,"4/26/18, 5:39 PM"
Adenio,Borges,adeniobgs@yahoo.com.br,Sicredi,Coordenador Operacional,"3/12/18, 10:08 AM"
Wemerson T.,Vital Porto,wemerson.thayne@gmail.com,Virtus UFCG,Software Developer Pleno ,"3/14/18, 4:18 PM"
Samer Keanu,Ghrab,Keanu.Ghrab@gmail.com,Lift HR Solutions,Junior Talent Acquisiton Specialist,"3/3/18, 2:48 PM"
Ernesto,Assis,ernesto.assis10@gmail.com,Em busca de um novo Desafio,Consultor de Implantacao Totvs,"4/21/18, 10:32 PM"
EDHUARDO,RODRIGUES,edhu.lima@icloud.com,Vertical Engenharia e Incorporações Ltda,comprador,"5/11/18, 7:53 AM"
Felipe,Travassos,felipe.silva.travassos@gmail.com,SIDIA - Samsung Instituto de P&D da Amazônia,Engenheiro de software,"9/6/17, 2:58 AM"
Picanha do,Bastos Gold,eventos@picanhadobastos.com.br,Picanha do Bastos Gold,Picanha do Bastos Gold,"3/12/18, 9:28 AM"
Picanha do Bastos,Praia,praia@picanhadobastos.com.br,Grupo Picanha do Basto´s,Gerente de Marketing,"3/12/18, 6:02 AM"
Alisson Raniel,Carvalho Sousa,alisson77@gmail.com,Accenture Brasil,Software Engineering Analyst,"7/16/18, 6:20 AM"
Genilson,Medeiros,genisnilson@gmail.com,"Virtus, UFCG",Software Engineer at Virtus/UFCG ,"3/9/18, 6:26 PM"
Iury Gregory,Melo Ferreira,iurygregory@gmail.com,OpenStack,Member of Puppet OpenStack Core Team,"3/17/18, 12:34 PM"
Kallynny,Karlla,kallynny.k@gmail.com,Universidade Federal de Campina Grande,Software Engineer,"3/15/18, 10:15 AM"
João,Virginio,junior-lpd@hotmail.com,Solar Coca-Cola,Técnico de Manutenção,"6/16/18, 7:57 PM"
Mariana,Sousa,marianas.sousa@hotmail.com,MVarandas Tecnologia,Suporte técnico,"3/23/18, 2:25 AM"
Gilles,Medeiros Henriques,gilles.medeiros@gmail.com,Sportdec,Software Engineer,"3/11/18, 5:46 PM"
Renan,Willamy,renanwillamy@gmail.com,"Virtus, UFCG",Desenvolvedor de Software,"3/7/16, 2:36 AM"
Mateus,Morais,mateus.moraiscc@gmail.com,Stefanini,Test Analyst,"3/13/18, 10:26 AM"
HDVisage,beleza com armonia,h.b.coelho@bol.com.br,cia das sobrancelhas,empresario do ramo beleza e estetica.,"4/19/17, 2:23 PM"
Helena M.,Carvalho,helenamaura@gmail.com,UnitedHealth Group,Desenvolvedor .NET e React Pleno,"7/25/18, 4:26 AM"
Nicolas,Souza,nicolassouza8@gmail.com,Object Edge Inc,Desenvolvedor Java Pleno,"3/19/18, 9:08 AM"
sergio,galindo,sgrpublicidades2@gmail.com,SGR PUBLICIDADES,Diretor,"8/24/18, 4:34 AM"
Danilo,Torres,danilotorres9@hotmail.com,Accenture,Analista Júnior,"3/13/18, 5:27 AM"
Dirceu,de Medeiros Teixeira,dirceudn@gmail.com,Lima Technology,Android Developer,"3/16/18, 1:10 PM"
Jesualdo,Chagas,jesualdochagas@gmail.com,Universidade Federal de Campina Grande,Professor adjunto,"4/9/18, 5:33 AM"
Fernando,Felix do Nascimento Junior,fernandojr.ifcg@live.com,Laboratório de Sistemas Distribuídos,Engenheiro de Deep Learning Líder,"3/14/18, 5:56 AM"
Bruno,Cipolla Moreira,brunocmoreira@live.com,DialDigital,Co-Founder,"9/24/18, 3:46 AM"
Alex,Ribeiro de Lima,alexprodutor@hotmail.com,Stefanini,Desenvolvedor sênior,"4/22/18, 8:30 AM"
Abraão,Diniz,abraao.diniz@hotmail.com,Sociedade Brasileira e Patologia Clinica e Medicina Laboratorial,Auditor externo PALC,"3/28/18, 6:37 PM"
amauri silva,silva,omzi_71@hotmail.com,,autônomo,"4/18/18, 9:17 AM"
Luciano,Azevedo,lucianocomputador@gmail.com,LA SYSTEMS,Desenvolvedor de software,"12/14/16, 12:31 PM"
Me. Ricardo ,Roberto Lima,ricardo.rlima@dataprev.gov.br,Centro Universitário de João Pessoa,Professor Adjunto,"7/4/17, 11:05 AM"
Gleyser,Guimarães,gleyser.bonfim.guimaraes@ccc.ufcg.edu.br,Embedded Lab,Aluno pesquisador de pós-graduação,"3/23/18, 8:14 AM"
Viviane Casado,Galdino,vivianccg@gmail.com,Farmacia Dias,gerente,"3/15/18, 5:21 AM"
Theócrito,Moura Maciel Malheiro Júnior,theomouram@gmail.com,Software Practices Laboratory,Full-stack Developer,"3/29/18, 7:24 AM"
Caynan,Sousa,caynanvls@gmail.com,Shopify,Software Engineer,"3/28/18, 6:08 PM"
Mariana,Varejão,mamavarejao@hotmail.com,Grupo Selpe,Supervisora de RH,"8/2/18, 6:30 AM"
Fabio Luiz,Silva,fabinhosilvanet@hotmail.com,Eduzz,Analista de QA,"6/3/18, 6:07 AM"
Isaque,Fontinele,isaquefontinele@gmail.com,HBSIS,Analista Desenvolvedor Pleno,"3/29/18, 9:42 AM"
Martha Maria,Cavalcanti Proença,martha_proenca@hotmail.com,Sos Otorrino,Coordenadora de Atendimento,"4/3/18, 6:41 AM"
Antonio,Marques,antonioricardojr@gmail.com,"Virtus, UFCG",Data Scientist,"3/27/18, 5:13 AM"
Hemã,Vidal,hemavidal@gmail.com,Software Practices Laboratory,Javascript Developer,"3/12/18, 7:07 AM"
Alexandre,Brandt,alexandre.brandt@gruporbs.com.br,Hospital Ernesto Dornelles,Gestão de Projetos e RH,"8/30/18, 10:37 AM"
Jean,Raposo,jeancampina@hotmail.com,,Técnico em Eletrônica e Informática,"12/11/16, 3:58 PM"
Raysa,Dutra,dutra.raysa@gmail.com,Stone Pagamentos,Estagiário Backoffice,"8/31/18, 5:41 PM"
Kleber,Lins,kleberlins@gmail.com,Klins Engenharia,Engenheiro Civil,"6/5/18, 4:55 PM"
Tarcisio Gil,dos Anjos Guerra,tarcisio_dosanjos@hotmail.com,Grupo Moura,Supervisor de infraestrutura,"3/26/18, 2:31 AM"
Daniella,Pontes,daniella_jp@hotmail.com,Energisa,Analista Recursos Humanos,"7/3/18, 9:36 AM"
André Felipe,Neves Muniz,andre.fnm@gmail.com,"Virtus, UFCG",Software Developer,"3/16/18, 11:24 AM"
Daniel,Albert,daniribalbert@gmail.com,HappyFunCorp,Software Engineer,"3/14/18, 5:37 AM"
Trigueiro,Neto,neto.paladinus@gmail.com,"Virtus, UFCG",Software Developer,"5/14/18, 1:27 PM"
Lenilton,Souza,leniltonsouza30@gmail.com,Centro De Ensino Tecnico De Arcoverde - Ceta,Professor,"3/15/18, 5:19 AM"
Waldeck,Barbosa,waldeckfilhowb@gmail.com,Nipponflex,Monitor,"8/10/18, 1:57 PM"
Isaque,Gomes,isaque.gomes@hotmail.com,Chianca Softwares Ltda,Desenvolvedor .Net e Visual Basic,"3/31/18, 4:36 PM"
Alysson Tiago,Souza Cordeiro,autscc@gmail.com,SONDA,Software Architect,"3/9/18, 2:50 PM"
Andressa,Marçal,andressagb@gmail.com,PyLadies Paraíba,Líder,"3/10/18, 12:20 PM"
Valmir,Amorim,valmir_janeide@hotmail.com,Sugestiva Calçados,Gerente Comercial,"3/12/18, 9:34 AM"
Jeferson,Ferreira,jeferson.silva@ccc.ufcg.edu.br,Embedded UFCG,Desenvolvedor Android,"3/18/18, 8:55 AM"
Lorem,Renally,lorenrenally@hotmail.com,Stefanini,Analista de Recursos Humanos,"3/10/18, 8:33 PM"
Gilvonaldo,Cavalcanti,givonaldoc@gmail.com,Governo do Estado da Paraíba - SEE-PB,Técnico Financeiro,"3/6/16, 12:30 PM"
Joel,Bozi Ramalho,joel.bozi@gmail.com,Vox Tecnologia,Administrador de Redes,"4/3/18, 1:51 PM"
Kelly ,Vasconcelos,kellysynara1@gmail.com,Hell & Heaven Entertainment,Brand Ambassador,"9/11/18, 6:16 AM"
Ronaldo,Evangelista,ronaldoevangelista@icloud.com,Lismar Ltda,Analista Pleno,"7/23/18, 4:39 AM"
Neo,Consultoria ,sandra.santos@neoempregos.com.br,NEO Consultoria ,RECRUTAMENTO E SELEÇÃO DE PESSOAL,"8/13/18, 6:07 PM"
José,Dantas,dantas.farias2014@gmail.com,Brasil Kirin,Supervisor de logística (Almoxarifado),"5/7/18, 9:38 AM"
Evaldo B,L Neto,evaldobl.neto@hotmail.com,Hospital e Maternidade Santa Joana,Analista de Credenciamento Médico,"5/21/18, 4:16 PM"
Emilia,Cavalcanti,,Synctech Soluções em Informática,Assistente de Marketing Digital,"3/12/18, 6:56 AM"
Paulo,César O. Brito,paulo.brito@ccc.ufcg.edu.br,Fundação de Apoio à Pesquisa no Estado da Paraíba,Bolsista,"3/14/18, 9:16 AM"
Kaique,C. Oliveira,kaique25_ci@hotmail.com,Stefanini,Desenvolvedor Pleno,"3/6/18, 8:04 AM"
Walter,Alves,walter.arruda.alves@gmail.com,Loggi,Back-end Software engineer ,"3/14/18, 4:16 AM"
Ana Paula,Barros,barros.anapaulas@gmail.com,MANGUE TECNOLOGIA & CONSULTORIA,Desenvolvedor de software,"3/20/18, 3:56 AM"
Gustavo Henrique,Queiroz de Oliveira,gustavo.hqo@gmail.com,Siteware,Analista de desenvolvimento,"6/20/18, 11:03 AM"
Crisostomos,Santos Silva,criscgweb@gmail.com,ASS Tecnologia da Informação Ltda,Administrador de sistemas sênior,"3/9/18, 8:45 PM"
Vinício,Ramos,vinicio.rs@hotmail.com,Cloud2b,Desenvolvedor Salesforce,"3/11/18, 4:15 PM"
Mário,Lemos,nyllartdecor@hotmail.com,,Empreiteiro de Obras (Prestador de serviços geral),"9/18/18, 7:12 PM"
Rafael,Costa,rafaelgomes404@hotmail.com,Alpargatas S.A.,Analista administrativo Júnior,"3/19/18, 3:12 PM"
Gessica,Keli da Silva,gessicakelialves@hotmail.com,"Virtus, UFCG",Quality Assurance Analyst,"3/5/18, 10:34 AM"
Marcos,Gonzaga,marcos.luiz28@hotmail.com,EDP Brasil,Fiscal de Obras Senior ,"6/5/18, 6:38 PM"
Pedro Fernandes,de Lo,pedodelo@hotmail.com,Fundação Ulysses Guimarães,Diretor - vogal,"3/11/18, 10:01 AM"
Elvys,Raposo Pontes,elvys.raposo@gmail.com,Universidade Federal de Campina Grande - UFCG,Estudante,"3/24/18, 6:05 AM"
André,Nakamura,alrnakamura@gmail.com,Companhia Brasileira de Trens Urbanos - CBTU,Analista de Sistemas,"4/2/18, 11:34 AM"
Vinicius,Mendes,vynews@live.com,Narciso Enxovais - Online,Trainne,"7/30/18, 11:02 AM"
Thiago,Yuri,thiagoyeds2013@gmail.com,Laboratório de Sistemas Distribuídos,Desenvolvedor de software,"9/24/18, 3:46 AM"
Maciel,Gomes,maciel.msg@hotmail.com,Control Construções Ltda.,leiturista,"7/30/18, 11:16 AM"
Fellipe,Couto,fellipe@vulpi.com.br,Vulpi,CEO & Founder,"3/19/18, 8:03 AM"
Antonio,Guedes,villasempreendimentos@hotmail.com,Villas Imoveis,Socio-Diretor,"5/10/18, 3:53 AM"
Lenin,Galdino,lenin.galdino@gmail.com,Grupo Rio do Peixe,Analista de Negócio JR,"7/30/18, 4:24 AM"
Sabrina,Brito,sabrinaadebrito@gmail.com,Accenture,Analista Júnior,"4/15/18, 7:22 PM"
Edlaine,Zamora,edlainetsz1@hotmail.com,ThoughtWorks,Software Developer,"9/24/18, 3:46 AM"
Israel,Cunha,israel.terto27@gmail.com,"Virtus, UFCG",Software Quality Assurance,"3/12/18, 4:53 AM"
Xavier,Nascimento,xaviergrh@outlook.com,Ágape Cursos,Gerente geral,"4/2/18, 3:59 AM"
Pedro,Lira,pedrolira@live.com,Embedded Lab,System Administrator,"3/27/18, 12:12 PM"
Ewerton,Coutinho,ewertoncoutinho@mail.com,Star Imagem,Graphic Designer,"3/3/18, 3:41 PM"
Emerson,Borges,emerson2borges@gmail.com,Autônomo,Autônomo,"3/9/18, 5:10 PM"
Esequias,Neto,neto.ibi@gmail.com,Brisanet Telecomunicações,Consultor de TI,"3/6/18, 3:34 PM"
Giselle,Medeiros,gisaaisla@gmail.com, Aurora,Supervisor,"3/11/18, 5:05 PM"
Jair,Cavalcante,jcavalcante49@gmail.com,Conductor Tecnologia em Meios de Pagamento,Analyst Developer,"7/4/17, 11:02 AM"
Arthur,Oliveira,arthurr.ufcg@gmail.com,Accenture,Analista Pleno,"3/27/18, 4:03 AM"
Polliane,Mendes,pollianearaujomendes@gmail.com,Conductor Tecnologia em Meios de Pagamento,Analista de Business Intelligence,"10/2/17, 6:14 AM"
Rinaldo,Melo,rinaldomelo72@gmail.com,CAPES - Coordenação de Aperfeiçoamento de Pessoal de Nível Superior,Exchange Student,"3/28/18, 10:09 AM"
Ademilson,Bezerra,adekmilson@hotmail.com,Universidade Federal da Paraíba,Estudante de Graduação,"4/15/18, 11:50 AM"
Thalles,Henrique,thalleshenrique.na@gmail.com,NIDS - Núcleo de Inovação e Desenvolvimento de Software IFPB,Desenvolvedor,"1/11/17, 10:37 PM"
Antonio,Vieira,oxisembalagens.vendas@gmail.com,executivo de vendas na i9life,Executivo,"3/15/18, 9:49 AM"
Lucas,Parpinelli Bordoni,lucasparpinelli@gmail.com,KCS iT,Salesforce Developer,"2/15/17, 1:21 AM"
Nicoly,Martins,nicolydosanjos@gmail.com,,,"9/5/18, 8:20 AM"
Ewerton,Oliveira,ewerton.tccmbr@gmail.com,Mobister,Desenvolvedor full stack,"3/19/18, 2:38 PM"
Lucas,Almeida,patricio.psico@gmail.com,Arizona - Making Marketing Flow,Talent Maker,"3/18/18, 4:03 PM"
Bruno,Wesley,brunobwbf@gmail.com,Stefanini,Desenvolvedor Jr,"3/16/18, 5:39 AM"
Filipe,Germano,filipegermano@outlook.com,Itaú Unibanco,Arquiteto de softwares sênior,"3/6/18, 7:53 AM"
Júlio César,Justino de Assis,juliocesar_cg06@hotmail.com,EEEM Padre Emidio Viana,Professor,"3/20/18, 9:11 PM"
Felipe,Nascimento,felipe_nsousa@outlook.com,Stefanini,Programador júnior,"3/28/18, 7:37 AM"
Kamila de Fátima , Santos Oliveira,,Cognizant,System Programmer,"7/13/18, 10:29 AM"
Yasmim,Coelho Tavares,yaasmin.coelho@gmail.com,Coopersol - Cooperativa Mista da Agricultura Familiar de Santa Rosa do Sul,Auxiliar administrativo,"8/31/18, 5:27 PM"
Igor,Dantas Rocha,igor.rocha@ee.ufcg.edu.br,ETER - Escola Técnica Redentorista,Professor,"4/5/18, 10:54 AM"
Suzana,Nunes Moraes,suzanazul@gmail.com,Grupo Rio do Peixe,Analista de sistemas,"3/11/18, 2:52 PM"
Singrid,Camelo Palmeira - CTFL,singrid.cp@gmail.com,HyQualy,Analista de QA,"3/10/18, 9:09 AM"
Elnatan,Emanuel,elnatan_emanuel@hotmail.com,CTIS Tecnologia,Desenvolvedor de software em teste - treinee,"4/4/18, 9:34 AM"
Rodrigo,Farias de Macêdo,rodrigohfarias@gmail.com,Griaule S.A.,Software Engineer,"3/19/18, 5:45 AM"
Marcelo,Vinhote,marcellovinhoth@hotmail.com,Ocidental Comércio de Frios Ltda (Representante Aurora Alimentos / McCain / Nobre e Nestlé),Supervisor de Vendas - Canal Interior Amazonas,"6/1/18, 9:28 AM"
Zeka,Carvalho,smart.artdigital@gmail.com,"Instituto Federal de Educação, Ciência e Tecnologia da Paraiba",Monitor de Redes de Computadores,"11/18/17, 5:00 AM"
André,Luís,tr.andreluis@gmail.com,"Instituto Federal de Educação, Ciência e Tecnologia da Paraiba",Pesquisador Bolsista de Inovação,"4/16/16, 8:37 AM"
Fabio,Escorel,fabioescorel@gmail.com,,Analista de Tecnologia da Informação,"3/11/18, 4:20 PM"
Jorge,Gaudencio,jorginho996@hotmail.com,Conductor Tecnologia em Meios de Pagamento,Estagiário,"11/6/17, 6:19 AM"
Luis Felipe,Fonseca Dias,luisf.dias94@gmail.com,Universidade Federal de Campina Grande,Monitor Voluntário,"3/19/18, 9:03 AM"
Diego,Feitosa,df.diegofeitosa@hotmail.com,,,"5/2/16, 8:34 AM"
Salomão,Do Ó ,salomao172012@gmail.com,UNINOVE,Monitor,"9/4/18, 5:05 PM"
José Iago,Pereira Araújo,joseiago.p.a@gmail.com,VTEX The True Cloud Commerce Platform,Software Engineer,"7/29/18, 2:23 PM"
Júlio Andherson,Silva,julioandherson1@gmail.com,"Virtus, UFCG",Software Engineer,"3/17/18, 9:15 PM"
Joaquim,Honório,joaquim.cmh@gmail.com,,,"8/31/17, 8:59 AM"
José Aelysson,Dionísio de Souza,j.aelysson@gmail.com,Unifacisa Centro Universitário,Desenvolvedor Front-End,"3/12/18, 4:30 AM"
Franck,Aragão,fjunior.aragao@gmail.com,Accenture,Application Development Analyst,"1/11/16, 5:11 AM"
Douglas,Gabriel,douglasxgabriel@gmail.com,"Lenovo | LSD, SPlab - UFCG",Engenheiro de Software PL,"12/28/15, 2:35 PM"
Arthur,Navarro,arthur@volume1.com.br,"Virtus, UFCG",Project Manager,"3/6/18, 10:28 AM"
Jhonata,Candido,jhonata.c.f@hotmail.com,Sicredi,Aux de Tecnologia da Informação,"3/15/18, 8:24 AM"
ALLISSON,KENNEDY DE SOUZA SILVA,allisson.kennedy@hotmail.com,Brastex Industria S/A,Supervisor de Expedição/Embalagem,"4/3/18, 6:33 AM"
Jezrael Anizio,de Aguiar,jezraelbb@gmail.com,Banco do Brasil,Gerente geral,"7/31/18, 1:17 PM"
Andreia,Rosas,andreia.rosas@hotmail.com,Católica EAD,Assistente administrativo,"9/12/18, 1:13 PM"
Jefferson,Trajano,jefferson.trajano@yahoo.com.br,Orbitall,Analista de fraude,"3/13/18, 4:23 PM"
Édrick,Renan,edrickrenan@gmail.com,Indra,System Engineer,"3/14/18, 7:40 AM"
Raiff,Mello,raiff.mello@ccc.ufcg.edu.br,"Virtus, UFCG",Desenvolvedor de software pleno,"3/14/18, 7:01 AM"
Erik,Candeia,erik.sulpino@gmail.com,Embedded Lab,Quality Assurance Engineer,"3/30/18, 3:02 PM"
Samantha,Monteiro,samanthakem@gmail.com,Udacity,Udacity Project Reviewer,"3/11/18, 4:14 PM"
Igor,Candeia,igorcandeia@gmail.com,Metaway Tecnologia da Informação,Desenvolvedor de software,"3/14/18, 4:10 AM"
André,Fiuza,fiuzaengenharia@gmail.com,Neoenergia,Coordenador de Manutenção,"3/22/18, 6:09 AM"
Felipe,Sales,sales.felipeb@gmail.com,Software Practices Laboratory,Junior Software Engineer,"6/25/18, 12:51 PM"
Lucy,Pantskhava,lyudmila.pantskhava@gmail.com,Amster Центр иностранных языков,English Teacher,"4/21/18, 11:28 AM"
Rodolfo,Martins,rodolfomoraes1@gmail.com,"Virtus, UFCG",Software Developer,"3/14/18, 5:40 AM"
Patrícia,Marques,patricia.marques@onrising.com,OnRising,Talent Specialist,"9/15/18, 3:21 PM"
Sérgio,de Sousa Duarte,sduartecc@gmail.com,Universidade Federal de Campina Grande,Monitor,"3/17/18, 12:21 PM"
Joeffison,Silvério de Andrade,joeffison@gmail.com,momox GmbH,Python Developer,"3/6/18, 7:52 AM"
Joeumar,Souza,joeumar@gmail.com,"Virtus, UFCG",Frontend Developer,"3/14/18, 6:36 AM"
Emanuel,Rodrigues,emanuelrodrigues@rocketmail.com,,"Recarga de Cartucho,  toner e manutençao de computadores","3/12/18, 7:23 AM"
Indy,Paula,indypaula12@gmail.com,"Instituto Federal de Educação, Ciência e Tecnologia da Paraiba",Monitora de Estrutura de Dados e Algoritmos,"11/1/16, 5:16 AM"
Rennan Henrique,Marques de Almeida,rennanhm@gmail.com,MSA Conceito & Tecnologia,Desenvolvedor da web,"3/21/18, 6:56 AM"
Julie,Pessoa,pessoajjulie@gmail.com,Software Practices Laboratory,Software Developer and Project Manager,"4/5/18, 9:26 AM"
Juan,Almeida,juan.satyro@gmail.com,Embedded - Laboratório de Sistemas Embarcados e Computação Pervasiva,Engenheiro de software Júnior,"3/16/18, 6:23 AM"
Jessé,de Souza,jessesouza37@gmail.com,Mantra Food Solutions - MANTRA GROUP,Supply Coordinator,"3/11/18, 4:12 PM"
Matheus,Oliveira Barbosa,matheusobarbosa@gmail.com,Real Auto Peças,Balconista,"3/8/18, 6:35 AM"
Emanuel,Andrade,emanuelgandrade@gmail.com,Accenture Brasil,Analista de Desenvolvimento Jr.,"8/31/17, 8:59 AM"
Flávia,Alves,flavia-ap1@hotmail.com,,,"3/3/18, 2:48 PM"
Edvaldo,Azevedo,edvaldoazevedo40@gmail.com,Accenture,Application Development Associate,"3/9/18, 4:30 PM"
Carlos,Romano,romanozte@gmail.com,CASTGroup,Analista Desenvolvedor Web Pleno,"4/4/18, 3:58 AM"
Arthur,Martins,arthur.tecinfo@gmail.com,"Virtus, UFCG",Software developer,"9/14/17, 4:20 AM"
Fagnerlangio,Costa,fagnerlangio@hotmail.com,Autônomo,Analista de Sistemas e Técnico de Informática,"5/3/18, 1:41 PM"
Antonio Rafael,Carvalho de Lima,antoniorafaelcl@gmail.com,SONDA,Desenvolvedor de Software,"3/11/18, 5:04 PM"
Ruan,Reis,ruanvictorreis@gmail.com,SPG - Software Productivity Group - UFCG,MSc Researcher Student,"4/2/18, 5:56 AM"
Rafael,Tavares Rufino,rafaeltavares.rofino198@gmail.com,Universidade Estadual da Paraíba,Analista de sistema,"3/6/18, 9:02 AM"
Paulo,Freitas,paulo.freitas.nt@gmail.com,"Instituto Federal de Educação, Ciência e Tecnologia da Paraiba",Professor,"4/5/18, 5:14 PM"
Fabricia,Martins,fabriciasnes@gmail.com,Link Solutions M2M,Desenvolvedor de software,"9/17/17, 4:05 PM"
Wesley,Nunes,wesley.nmtorres@gmail.com,Software Practices Laboratory,Software Engineer Technical Lead,"3/20/18, 2:21 AM"
Igor,Ataide,igor.ataide@ccc.ufcg.edu.br,Laboratório de Sistemas Distribuídos,Cloud Software Engineer,"3/19/18, 2:26 PM"
Adeildo,Braga,Adeildo.Braga@grupomoura.com,Acumuladores Moura S/A.,Especialista  em  Metalmecânica,"3/24/18, 6:07 PM"
Denys,Lins,denyslins@gmail.com,"Virtus, UFCG",Analista de Qualidade e Desenvolvedor de Testes Automáticos,"3/6/18, 8:28 AM"
Claudia,Prentice,cprentice@nytecher.com,Evalart,Recruiting Platform Manager,"3/15/18, 6:35 AM"
Célio,Barros,celio.barros.filho@gmail.com,EADBOX,Engenheiro de software,"3/17/18, 10:51 AM"
adri,leos,barrytops08@yahoo.com,CIC_IPN,jefa del departramento de recursos financieros,"8/30/18, 1:46 PM"
Felipe,Diógenes,felipe.diogenes13@gmail.com,Lenovo | Software Practices Laboratory,Software Engineer,"8/14/18, 5:24 AM"
Leandro,Fernandes,fernandes.leo09@gmail.com,Contafacio Contabilidade SS Ltda -ME,Auxiliar de contabilidade,"3/20/18, 2:44 PM"
Arthur Antunes,Silva,arthuragds@gmail.com,Conductor,QA Analyst,"3/15/18, 5:01 PM"
Juciano,Romão da Silva ,juciano.romao@dce.ufpb.br,Escola Cidadã Integral e Técnica,Professor,"10/24/16, 6:03 AM"
Aparecida,Leite,aparecidaflleite@gmail.com,Stefanini,Analista de Recursos Humanos (Recrutamento e Seleção),"4/1/18, 8:04 PM"
Ana Lúcia,Tonel da Silva,analuciat.12@gmail.com,Stefanini,Desenvolvedor júnior,"3/14/18, 4:53 AM"
Orlando,Filho,orlando@orlandofilho.com,DataSync,Planejamento de Infraestrutura de Redes,"3/11/18, 4:36 PM"
Andreza,Queiroz,andreza.queiroz@ccc.ufcg.edu.br,Data Quality Laboratory (UFCG),Software Developer/Researcher,"3/20/18, 6:35 AM"
EDUARDO,"FERNANDES, PMP",edu_hlf@hotmail.com,CDE Capital,Sócio proprietário,"3/25/18, 3:43 PM"
Diego,Pereira,diegolimapereira@gmail.com,Energisa,Senior Data Scientist ,"3/14/18, 5:26 AM"
José,Alberto,josealbertojunior@outlook.com,Stefanini,Desenvolvedor Web/Java,"4/5/18, 8:48 AM"
Michelle,Oliveira,michelleolivcosta@gmail.com,Redenet Comércio e Soluções em TI,Analista/Desenvolvedor de Sistemas,"3/19/18, 4:15 AM"
Ulisses,Filho,ulisses.sigma@gmail.com,Instituto Alfa e Beto,Game Developer,"3/14/18, 4:16 AM"
Jeymisson,Oliveira,jeymissoncz@gmail.com,Motion Picture Association of America,Software Developer,"3/21/18, 7:35 AM"
Raissa,Matias da Silva,raissamds@gmail.com,"Virtus, UFCG",Quality Assurance and Test Analyst,"3/12/18, 5:09 AM"
Rodrigo,Brasileiro de Lira,rblnutricao@hotmail.com,REMAKE SISTEMAS PRESTACAO DE SERVICOS E COMERCIO LTDA ME,Representante Comercial do DietSoft,"3/27/18, 1:27 AM"
Isabelle,Benicio,isabellebenicio@yahoo.com.br,Alfa Consultoria,Estagiário,"3/11/18, 4:22 PM"
Gustavo,Santos,gustavo.santos@ee.ufcg.edu.br,Vitreous State Laboratory @ CUA,Research Assistant,"4/3/18, 11:24 AM"
Deise Katuisca,Soares Barbosa,deisekateusca@gmail.com,Lojao Rio do Peixe,Auxiliarde crédito e cobrança,"3/14/18, 10:32 AM"
loyola,cavalcante,loyolacavalcante@gmail.com,,,"4/3/18, 2:51 AM"
Emanuel,Batista,emanuelbatista2011@gmail.com,"Virtus, UFCG",Senior Software Engineer,"3/4/18, 10:03 AM"
Melquisedec,Andrade,melqui.inbox@gmail.com,Universidade Federal de Campina Grande,Masters Student,"3/14/18, 5:39 AM"
Juliana,Batista de Souza,juliana_bsouza@yahoo.com.br,Optec Technology Information Solutions Ltda,Analista de recrutamento e seleção,"9/17/18, 4:48 AM"
Mauricio,Braz,aguiarbrazm@gmail.com,"Instituto Federal de Educação, Ciência e Tecnologia da Paraíba",Desenvolvedor de software,"2/17/17, 8:29 AM"
Paulo,Henrique,arquivomortho@gmail.com,Insaude João Pessoa,Assistente Departameto Pessoal,"4/10/17, 8:39 AM"
Wallison,Fernando,w.fernando.20@gmail.com,"Virtus, UFCG",Software Engineer,"3/14/18, 3:22 PM"
josivan lopes,lopes,josivanlopes84@gmail.com,REPRESENTANTE COMERCIAL,TROIA S/A,"7/10/18, 2:54 PM"
Luan,Nunes,luan.maximos@gmail.com,Universidade Federal de Campina Grande,Monitor,"3/26/18, 12:27 PM"
Dijalma,Silva,dijalmacz@gmail.com,Conductor Tecnologia em Meios de Pagamento,Desenvolvedor II,"3/6/18, 7:52 AM"
Erique,Batista,eriquebatista@hotmail.com,Caoa do Brasil,Gerente de Pós Vendas,"3/9/18, 4:14 PM"
Priscila,Gouveia,priscilaggouveia@gmail.com,Conductor Tecnologia em Meios de Pagamento,Analista Desenvolvedor I,"3/13/18, 5:57 PM"
Fernando,Ferreira,fernandodof@gmail.com,Betsson Group,Frontend Developer,"3/8/18, 11:53 AM"
Ramon,Vieira Reinaldo,ramonvreinaldo@gmail.com,Y GESTAO & CONTABILIDADE,Contador,"3/4/18, 5:10 PM"
José Rafael,Feitosa,jose.rafael.feitosa@gmail.com,Laboratório Analytics,Software Web Developer,"2/29/16, 10:25 AM"
Diego,Oliveira,diegoluiz46@gmail.com,Capgemini,Analista de sistema pleno,"6/1/18, 6:44 PM"
Nicácio,Oliveira,nnicacio@gmail.com,,,"4/19/18, 8:27 AM"
Wensttay,de Sousa Alencar,www.wensttay@gmail.com,RedeNet Soluções,Analista e Desnevolvedor de Sistemas,"6/5/18, 9:03 PM"
Leonardo,Soares,leonardo.soares.ws@gmail.com,KonyuJP,Desenvolvedor freelancer,"3/2/16, 7:30 AM"
Pedro Alex,Sousa,bravoqsj@hotmail.com,Autônomo,Consultor,"10/1/17, 7:32 AM"
Cicero,Gomes onofre,cicero.gonofre@gmail.com,Newpower Baterias,Chefe Produção,"3/14/18, 7:33 PM"
Sandro,Alves,sandrosubway@outlook.com,Mpa comercio de alimentos ltda,Financial Controller,"3/13/18, 2:07 PM"
Marianne,Linhares Monteiro,mariannelinharesm@gmail.com,Kunumi,Research Engineer Intern,"4/10/18, 4:13 AM"
Yasmin,Aquino,yasmin_santoss@hotmail.com,AUTO PARK ESTACIONAMENTOS,Auxiliar Administrativo - R&S,"7/19/18, 4:35 AM"
Rayff,Queiroga,rayff.q@gmail.com,Accenture Brasil,Application Development Analyst,"3/16/18, 7:41 AM"
Victor,Maciel,rannieryvm@gmail.com,Unimed Campina Grande,Técnico em Informática,"3/14/18, 7:52 PM"
Victor Hugo da Silva,Ribeiro,victor.hugo.origins@gmail.com,Instituto Alfa Soluções em Pesquisas,Desenvolvedor Pleno,"3/8/18, 4:29 PM"
Matheus,Alencar,mmelucena@gmail.com,Conductor Tecnologia em Meios de Pagamento,Software Developer,"3/26/18, 12:50 PM"
Marciel,Sousa,marcielmj@gmail.com,Lins4Tech Tecnologia,Desenvolvedor Full Stack,"3/30/18, 7:00 PM"
Ivan,Aguiar,ivan.aguiar.almeida@ccc.ufcg.edu.br,"Virtus, UFCG",Desenvolvedor de Software Pleno,"3/9/18, 6:03 AM"
Flavio,Moreira,flaviomoreira4000@gmail.com,Flavio Moreira Advogados Associados,Advogado,"3/19/18, 5:32 AM"
Jéssica,Sousa,jessicadesousacg@gmail.com,Microsoft,Software Engineer,"3/16/18, 10:46 AM"
Lívia Caroline,Tomaz Santos,livia.carolline.93@gmail.com,Stefanini,Analista de sistema,"3/26/18, 2:46 PM"
Rodolfo,Viana,rodolfo.networld@gmail.com,,,"10/17/16, 7:22 AM"
Jefferson,Trigueiro,jefftrigueiro@gmail.com,Laboratório de Práticas de Software - UFCG,Analista Pleno,"6/7/18, 4:50 AM"
Jannayna,Araujo,jannaads@gmail.com,Accenture Brasil,Application Development Associate,"3/6/18, 11:59 AM"
Mateus,Luna,mateuslunacc@gmail.com,Leapforce,Web search evaluator,"3/14/18, 10:20 AM"
Agostinho Tomaz,de Oliveira Neto,agostinhooliv@hotmail.com,Conductor Tecnologia em Meios de Pagamento,Software Development Specialist,"3/19/18, 8:53 AM"
Paulo,Junior,adm.pauloj@gmail.com,AeC Contact Center,Atendente de telemarketing,"3/12/18, 1:04 PM"
Pablo Victor,Felix dos Santos,pablovitor20@gmail.com,Embedded Systems and Pervasive Computing,Full-stack Developer,"3/27/18, 6:10 AM"
Ramon,Gomes,ramon_gds@hotmail.com,Freelancer,Desenvolvedor de Sites Freelancer,"8/24/18, 4:34 AM"
Anderson,Vasconcelos,anderson.bazzan@hotmail.com,Osaka transportes, Warehouse Management,"3/12/18, 1:22 PM"
Izaquiel,Cruz,zefcruzbs@gmail.com,RedeNet ,Analista/Desenvolvedor de sistemas Full Stack,"4/21/18, 8:41 AM"
Anizio,KLemonie,aklemonie@yahoo.com.br,Agência de Empregos Domésticos Pinheiros Ltda,Gerente administrativo e RH,"3/11/18, 1:46 PM"
Lucas,Oliver,lucasifpb@hotmail.com,Construtora São Jorge,Eletricista,"3/29/18, 7:33 AM"
Lilia,Sampaio,liliarsampaio@gmail.com,Universidade Federal de Campina Grande,Ph.D. Candidate in Computer Science,"4/24/18, 12:32 PM"
Adson,Silva,adson.silva@ccc.ufcg.edu.br,AION - AutomationIdeas,Programador de software,"7/13/18, 10:29 AM"
Fernanda,Amorim,amorimfernandaamorim@hotmail.com,Mestrando em Ciência de Materiais UFPE,Estudante de pós-graduação,"7/17/18, 5:01 PM"
André,Victor de Andrade Lopes,andre.lopes@ccc.ufcg.edu.br,E.life,Software Developer Internship,"3/19/18, 6:29 PM"
Layse,Medeiros Cavalcanti,layse_medeiros@hotmail.com,Espaçolaser,Gerente comercial,"3/19/18, 3:52 AM"
Allys,Dantas,allyssnp@gmail.com,Accenture Brasil,Application Developer,"3/19/18, 8:52 AM"
Roberto,Carlos,robertto_krllus@outlook.com,Arte Bandeira,Gerente comercial,"4/1/18, 6:36 PM"
Rafael,da Silva,crafards@gmail.com,Esportudo,Software Engineer,"8/23/18, 8:11 AM"
Sinval ,Flávio ,sinval_flavio@hotmail.com,AeC Contact Center,Supervisor,"3/15/18, 6:22 AM"
Leonardo,de Carvalho Cordeiro,lcxcordeiro@gmail.com,"Virtus, UFCG",Desenvolvedor de software pleno,"4/10/18, 6:08 AM"
TB,Consultores Associados.,tomas.borcoli@gmail.com,Tomas Borcoli Consultores,Diretor,"3/13/18, 6:23 AM"
Felipe Eduardo,Farias Belo,malkavianbr@gmail.com,"Virtus - Núcleo de Pesquisa, Desenvolvimento e Inovação em Tecnologia da Informação",Desenvolvedor de software pleno,"3/7/18, 9:24 AM"
Elson,Farias,elsonfar@gmail.com,,,"7/25/16, 12:06 PM"
Márcia,Lanyelly,marcialanyellydantas@gmail.com,,,"5/16/18, 9:42 PM"
Higo Antonio ,Barbosa,higo-antonio@hotmail.com,L J Agência de Turismo LTDA,Auxiliar Administrativo e Financeiro,"8/26/18, 7:26 PM"
Paulo José,Varanika,paulovaranika@hotmail.com,Grupo Rumo Engenharia,Eletricista  ,"9/16/18, 8:21 AM"
Efraim ,Galdino Pires,efraimads@gmail.com,Stefanini,Desenvolvedor de Software - Pleno,"3/14/18, 8:43 PM"
Paulo Montini ,Assis Souza,paulomontinijp@hotmail.com,Ophbras Cia Bras de Produtos Oftálmicos,Analista de recursos humanos,"8/21/18, 11:59 AM"
Rodolfo,Silva,rodolfo@grupomarinho.com.br,Udacity,Independent Consulting,"3/14/18, 5:36 AM"
José Renan,Silva Luciano,joserenansl99@gmail.com,Rocket.Chat,Student Developer at Google Summer of Code with Rocket Chat,"3/26/18, 3:43 PM"
Wágner,Magno,wagner-Mrs@live.com,Accenture,Desenvolverdor de software,"3/11/18, 2:40 PM"
Gabriel,Felipe,gabrielfelipedoritos@gmail.com,Laboratório de Sistemas Distribuídos,Desenvolvedor,"9/11/18, 4:38 AM"
Leydson,Tavares,leydson_tavares@hotmail.com,Stefanini,Software Developer at. Stefanini IT Solutions,"7/11/17, 5:07 PM"
Hevellyn,Rabelo,hevellyn.morais@dce.ufpb.br,INDT,Test Software Engineer,"3/14/18, 9:25 AM"
Iara,Marinho,iaramarinho@hotmail.com,TURISMAR TRANSP E TURISMO LTDA,Contabilista,"3/6/18, 2:17 PM"
Alessandro,Soares,demitresd@gmail.com,Camara Municipal ,Tesoureiro,"11/6/17, 6:18 AM"
Tercio,de Melo,terciodemelo@gmail.com,VTEX The True Cloud Commerce Platform,Software Engineer,"3/14/18, 5:00 AM"
Henrique,Castelini,henriquecastelini@gmail.com,Jaguar Land Rover Deutschland,Diretor Global de Projetos - Polo Europeu (Global Project Director - European Sector),"5/6/18, 8:51 AM"
Antonio,Ferreira Junior,antoniofejunior@gmail.com,,,"4/10/18, 4:23 AM"
Helena,Castro,lenaccastro92@gmail.com,BRQ,Android Developer,"9/5/18, 8:20 AM"
Joyce,Araújo,joycearaujo1@live.com,Colégio Djanira Tavares EIRELI - ME,Setor Administrativo,"3/12/18, 7:50 PM"
SILVIA LETÍCIA ,MOURA MENDES,silvia_mmendes@hotmail.com,MOURA FARDAMENTOS MEI,Gestora administrativo comercial,"4/24/18, 2:22 PM"
Raphael,Mendonça da Nóbrega,raphael.mendonca@live.com,University of Waterloo,Researcher PHD Student / Software Engineer,"3/10/18, 2:18 PM"
Lucas,Silva,lucas.silva@ccc.ufcg.edu.br,IT4process GmbH,Software Developer Intern ,"3/19/18, 9:04 AM"
Igor,de Araújo Meira,igor.meira@gmail.com,Laboratório Analytics - UFCG,Desenvolvedor Bolsista CNPq PCI,"3/17/18, 7:35 AM"
Arthur,Miranda,arthur.souzamiranda@gmail.com,Laboratório de Sistemas Distribuídos,Software Engineer,"3/12/18, 7:43 AM"
José Aparecido Silva,Albuquerque,silvanoalbuquerque@outlook.com,"Virtus, UFCG",Desenvolvedor júnior,"3/25/18, 6:46 AM"
Clayton,Ventura ,claytonventura@hotmail.com,Supergasbras Energia Ltda,Agente comercial - III,"3/13/18, 1:45 PM"
Marihana,Cirne,cirnemarihana@gmail.com,Indie Cine,Design e Mídias ,"3/19/18, 6:04 PM"
Anderson,Souza,asp.infor@gmail.com,Autônomo,Técnico de computadores e Fotografo,"3/3/16, 6:09 AM"
Ronaldlee,Roque,leeroque1@gmail.com,EMLUR,Chefe do Semat,"3/15/18, 7:02 AM"
Isabelly,Cavalcante,iisabellycavalcante@gmail.com,Software Practices Laboratory,Technical Team Lead,"3/25/18, 5:00 PM"
Simone,Correia,simonecorreiadelima@gmail.com,Pipocas e salgadinhos K' Delícia,Supervisora de produção,"3/11/18, 11:08 AM"
Marcos,Ferreira,marcosferreira.developer@gmail.com,CONGESP Consultoria,Full-stack Developer,"3/27/18, 1:55 PM"
Luiz,Tavares,luizts_jp@hotmail.com,FedEx Supply Chain,Auxiliar operações logistica,"5/25/18, 4:58 PM"
Viviano,Medeiros,Vivianoads@gmail.com,Faculdade Maurício de Nassau,Professor Mestre,"5/3/18, 12:40 PM"
Oliveiros,Neto,oliveiros.neto@ccc.ufcg.edu.br,"Virtus, UFCG",Software Tester,"3/19/18, 2:14 AM"
Maria Leticia,Leôncio Barbosa,leticiabarbosa94@gmail.com,Software Practices Laboratory - SPLab,Desenvolvedora,"3/19/18, 5:01 PM"
Berg,Élisson,bergelisson01@gmail.com,083 Digital,Mobile Developer,"4/11/18, 5:09 AM"
Israel,Cavalcante de Lucena,israelclucena@gmail.com,MV Sistemas C.A.,Web Developer,"3/22/18, 1:23 PM"
Arthur,Holanda,arthurbsh@gmail.com,Futurice,Software Developer,"3/14/18, 4:30 AM"
Claudio ,Klemesk Junior ,claudioklemesk@hotmail.com,Porto Seguro,Customer experience,"9/24/18, 3:46 AM"
Emanuel,Guimarães,emanuelguimaraes23@gmail.com,Stefanini,Desenvolvedor júnior,"3/14/18, 4:04 PM"
Kaio César,Bezerra Rangel,kaio.ufcg@gmail.com,Universidade Estadual da Paraíba,Analista de desenvolvimento de software,"4/14/18, 8:05 AM"
Danilo,Medeiros Dantas,danilomedeiros.dox@gmail.com,,,"5/9/18, 4:46 AM"
Ana Caroline,Wanderley Silva,ana.caroline.silva@ccc.ufcg.edu.br,"Virtus, UFCG",Desenvolvedor e Testador de Software,"3/16/18, 5:52 PM"
Jeremias,Serafim,jeremias.serafim.araujo@gmail.com,"Virtus, UFCG",Software Engineer,"3/14/18, 4:33 PM"
Lívia,Monteiro,livia-monteiro1@hotmail.com,Orbitall,Analista de Suporte PL,"3/14/18, 4:37 PM"
Joalison,Souza,joalisonmarcosd@hotmail.com,i9life,Empreendedor,"3/22/18, 12:27 AM"
Kaique,Rijkaard,kaiquerijkaardcc@gmail.com,,,"3/17/18, 3:17 PM"
André,Abrantes,andredossantosabrantes@gmail.com,Software Practices Laboratory,Senior Software Developer,"3/16/18, 6:18 AM"
Natália,Rutizat,natrutizat@gmail.com,,,"8/9/18, 9:12 AM"
Júlio Henrique,Rocha,juliohenriquerocha@gmail.com,Laboratório de Sistemas de Informação - UFCG,Engenheiro de software,"4/5/18, 3:56 AM"
Eliana,Melo,elianaad3@gmail.com,,,"9/19/17, 9:20 AM"
Emerson,Davi Alexandre dos Santos,emersondavi2013@gmail.com,Accenture,Analista De Sistemas Júnior,"3/3/16, 8:52 AM"
Patrick,Faustino,patrickc.faustino@gmail.com,,,"7/16/16, 9:24 AM"
Dales,Ewerton,dales.fragoso@ccc.ufcg.edu.br,Embedded Lab,Desenvolvedor de software,"4/15/18, 11:36 AM"
Thiago,Vanilson,thiago112634@hotmail.com,,,"7/18/16, 6:27 PM"
Ionesio,Junior,ionesio.junior@ccc.ufcg.edu.br,Laboratório de Sistemas Distribuídos,Security Researcher,"4/15/18, 8:09 AM"
Volney,Gomes,volneygsilva@gmail.com,AeC Contact Center,Supervisor de operações,"3/25/18, 3:15 PM"
Luiz Alberto,Fonseca,luiz.fonseca@ccc.ufcg.edu.br,Laboratório de Sistemas Distribuídos,Web developper,"4/30/18, 4:54 AM"
Roberto,Carlos,roberto088@gmail.com,Estagiário na Empresa MegaLink Provedor de Internet,Estagiário,"3/13/18, 3:49 PM"
Nesomar,Ramalho Freire,nesomar.ramalho@gmail.com,Stefanini,Desenvolvedor java,"3/9/18, 5:42 PM"
William,"Balbino, SFC™",williambalbino.c@gmail.com,LTI - Laboratório de Tecnologia da informação ,Frontend Developer,"3/11/18, 4:26 PM"
Rafael,Oliveira da Silva,rafael360.si@gmail.com,"Virtus, UFCG",Desenvolvedor de software,"3/11/18, 4:16 PM"
Rayana,Souza,rayana.azus@gmail.com,Centro de Ensino Grau Técnico,Professor de tecnologia da informação e comunicações,"5/23/18, 10:11 AM"
Manuel,Neto,manuelneto65@gmail.com,Embedded Lab,Engenheiro de software,"3/21/18, 4:12 PM"
Jose Raphael,Santos do Bu,jose.bu@ccc.ufcg.edu.br,Universidade Federal de Campina Grande,Monitor de Lógica Matemática,"3/27/18, 6:11 AM"
Joennia Carolina,Gaudencio de Queiroz,joen-nia@hotmail.com,Sustentec,Analista de Contas e Contratos - RH,"3/7/18, 11:43 AM"
armarios projetados,modulados,marcosprojetados@gmail.com,Armários planejados & cia,Representante de vendas,"3/23/18, 2:45 AM"
Eduardo,Honório,eduhonorio1980.eh@gmail.com,Gi Group,Analista Administrativo / Apoio RH - Generalista,"7/4/18, 12:55 PM"
Paulo,Feitosa,paulofelipe.feitosa@gmail.com,Laboratório de Sistemas Distribuídos,Student Researcher and Software Development Engineer Intern,"4/15/18, 8:31 AM"
Alex,Lima,charadasv@hotmail.com,CONAB - Companhia Nacional do Abastecimento,Analista Administrativo,"9/4/18, 4:38 PM"
Caio,Márcio,caiomarciocc@gmail.com,Octosquare Studios,Sound Designer,"4/14/18, 8:58 AM"
Gabriel,Ribeiro,gabrielcgbr@hotmail.com,Stefanini IT Solutions,Desenvolvedor de software,"9/3/18, 11:12 AM"
Luciam,Allan,,Jequiti Cosméticos,Consultor de vendas,"3/4/18, 5:58 AM"
Roberto,Calixto,consultorfinanceiro@robertocalixto.com.br,Birô de Negócios Oficial,Sócio,"9/4/17, 5:44 AM"
Praneet,chawla,prneet.chawla@rediffmail.com,ResearchVia,Research Analyst,"12/20/16, 7:39 AM"
Digitoo,Marketplace,contato@digitoo.com.br,Digitoo Marketplace,Gerente de marketing,"3/8/18, 7:56 PM"
jeanpinturas,Itapb ,jeanpinturas@hotmail.com.br,Jeanpinturas e manutenções Ltda,Empresário,"3/22/18, 2:50 PM"
Theogenes,Oliveira,theogenes93@gmail.com,Maravilha Motos,Technical support TI,"7/29/18, 5:36 AM"
Emilio,de Farias Neto,militofarias@gmail.com,"Virtus, UFCG",QA Analyst,"3/30/18, 6:12 PM"
Marcelo,Augusto,marceloaugustosjp10@gmail.com,Indra,Desenvolvedor,"3/6/18, 8:19 AM"
Rose,Enny,rosebezerrasousa@hotmail.com,Thermalis,Gerente de vendas,"3/9/18, 12:21 PM"
Victor,Nogueira,felladrin@gmail.com,Upwork,Software Engineer & Game Developer,"3/10/18, 4:14 AM"
Pedro,Marinho Medeiros,pedro.marinho.medeiros@ccc.ufcg.edu.br,"Virtus, UFCG",Software Engineer Pleno,"3/19/18, 1:03 PM"
Romário,B. da Silva,romariobatista@outlook.com,Signove,Developer,"3/20/18, 6:13 AM"
Elyervesson,Pereira,elyervesson@gmail.com,"Virtus, UFCG",Desenvolvedor júnior,"3/20/18, 11:39 AM"
Vinicius,Gomes,vinicius.gouveia.gomes@gmail.com,,,"4/16/18, 8:02 AM"
Gileade,Kelvin,gileadekelvin@gmail.com,Laboratório Analytics,Desenvolvedor,"4/29/18, 8:49 AM"
Breno,Gomes da Silva,brennogomez9@gmail.com,Stefanini,Software Developer,"3/12/18, 4:10 AM"
Melissa,Dourado Abade,melissinha.d@outlook.com,Tribunal Regional Eleitoral Da Bahia,Assistente administrativo,"8/2/18, 7:48 AM"
Anne,Santos,annesantos.gestao@gmail.com,Unimed João Pessoa,Analista de contratos,"3/12/18, 7:06 AM"
Luciano,Júnior,luciannojunior@gmail.com,Secretaria de Educação de Campina Grande,Desenvolvedor Web,"4/9/18, 10:26 AM"
Helder,Machado de Lima,ml.helder@gmail.com,Embedded Systems and Pervasive Computing Lab,Software Developer,"5/22/18, 4:58 AM"
Denilson,souza,denilsonsouza4174@gmail.com,BR-Systems,Estágio de marketing,"3/15/18, 5:31 AM"
bismarck,souza,bismarchksouza@hotmail.com,,,"7/15/18, 7:46 PM"
Antonio Alexandre,Moura Costa,alexandrecostapb@gmail.com,Laboratório de Sistemas Embarcados e Computação Pervasiva (Embedded) ,Coach,"5/30/18, 10:48 AM"
João Marcos,Ferreira,joaomarccos@hotmail.com,Pbsoft Informatica,Senior Systems Development Analyst ,"7/4/17, 11:53 AM"
Murilo,Costa Junior,murilo.costa@protonmail.com,Costa & Costa Engenharia Ltda,Sócio-Diretor,"3/20/18, 1:18 PM"
ITALO,MODESTO,italo_m.p@hotmail.com,,,"3/26/18, 4:37 PM"
Cinthia,Tavares,cinthiatavares.crf@hotmail.com,Drogaria CHN,Farmacêutico,"3/8/18, 6:49 PM"
Lucas,Kalebe,lucaskalebe13@gmail.com,Agência Paraibana de Administração,Estagiário,"4/3/18, 12:50 PM"
Francisco das Chagas,dos Santos Marques,francisco-marques_18@hotmail.com,,,"1/11/17, 3:11 PM"
Claudenise,Santana,claudenise.santana@gmail.com,Porto Digital,SOA Developer,"6/27/18, 7:35 AM"
Tulio,Escarião,tulio.nobrega@ccc.ufcg.edu.br,Embedded Lab,Aplication Development for Web an IoT Devices,"4/10/18, 7:58 AM"
Alexandre,Azevedo ,azvdo.ads@gmail.com,,,"3/22/17, 7:24 AM"
Aelson,Santos,aelsonsantos88@gmail.com,Walmart Brasil,Fiscal de Logistica,"3/15/18, 6:24 PM"
Kessya,Michelle,kessyamc@gmail.com,Unifacisa Centro Universitário,Assistente administrativo,"3/28/18, 2:44 AM"
Lissandro,Botelho,lissandro.botelho@gmail.com,"Instituto Federal de Educação, Ciência e Tecnologia do Amazonas",Professor,"10/6/17, 4:01 PM"
Vinicius,Brandão,vinicius.brandao.araujo@ccc.ufcg.edu.br,Laboratório de Sistemas Distribuídos, Deep Learning Engineering,"3/11/18, 6:13 PM"
Marcus Túlio Pereira,Oliveira,marcustulio_pereira@hotmail.com,Senai Pernambuco,Secretário administrativo e Financeiro,"3/12/18, 6:33 AM"
Leonardo,Souza Dias,leonnardosouza96@gmail.com,Mettagroup Tecnologia E Consultoria,Analista de requisitos,"3/6/18, 10:40 AM"
Camila,Carvalho da Silva,camila.silva@ccc.ufcg.edu.br,Universidade Federal de Campina Grande,Monitor,"3/9/18, 10:11 AM"
Marta,Lima,martaliima.28@gmail.com,anovo tek,técnico pleno,"7/15/18, 10:37 AM"
joelson vicente da,silva,joelsonvicente@hotmail.com,Analista de negocios DigiSat,Analista de negócios em TI,"12/9/17, 5:22 AM"
José Inácio,Ferreira de Souza,contato@grupoadapta.com.br,Grupo Adapta,Diretor Comercial,"8/30/18, 8:08 AM"
Wesley,Aníbal,weley_guitar@hotmail.com,Laboratório Embedded ,Software Developer,"8/3/18, 10:35 AM"
Clayton Christian,Guedes da Silva,clayton.gestao@gmail.com,Instituto Soma Brasil,Auxiliar administrativo,"3/12/18, 5:13 PM"
Lucas,Duete,lm.duete@gmail.com,Recursive Jr,Gerente de Projetos,"4/15/18, 8:35 AM"
Vitor,Gomes,vitor_gomes_18@live.com,,,"3/20/17, 6:10 PM"
Rayssa,Oliveira,rayssaledo@gmail.com,Colégio Motiva,Professora,"3/17/18, 9:21 AM"
Linhares Prudencio,Contabilidade Gestão Empresarial ,atendimento@linharesprudencio.com.br,Linhares Prudencio Contabilidade e Gestão Empresarial,Presidente,"6/8/18, 3:02 PM"
Leandro,Calil,lcalil@uol.com.br,Universidade Federal do Espírito Santo,Professor de Pós-Graduação,"3/9/18, 10:38 AM"
Igor,Carvalho,igorcarvalhoads@gmail.com,,,"12/26/17, 8:16 AM"
Igor,Rodrigues,nino.igor@hotmail.com,AeC Contact Center,Assistente de atendimento ao cliente,"8/11/18, 4:29 AM"
Direction,Soluções Empresariais,directionsolucoesempresariais@gmail.com,Direction Soluções Empresariais,Diretor de negócios,"3/12/18, 6:52 PM"
Matheus,Maia,matheus.maia@ccc.ufcg.edu.br,Embedded - Laboratório de Sistemas Distribuídos e Computação Pervasiva,Programador de software,"8/20/18, 6:06 PM"
Control,Construções,CURRICULOS@control.eng.br,Control Construções Ltda,Recursos humanos,"3/12/18, 7:19 AM"
Daiane,Pereira,daianesantos53@hotmail.com,Sicoob Paraiba,Estagiária de TI,"3/11/18, 4:25 PM"
Wellington,Alves,bezerraaw@gmail.com,Grupo LGH - Mediterrânea Distribuidora de Bebidas,Auditor sênior,"3/11/18, 5:23 PM"
Nilo,Viana Diniz,eng_nilo_diniz@hotmail.com,RN Projetos e Construções LTDA,Diretor executivo,"3/12/18, 4:05 PM"
Anderson,Andrade,andersonandradealmeida@gmail.com,Kenner,Analyst Support,"4/16/18, 4:02 PM"
Ana,Chaves,anaprchaves@hotmail.com.br,Autônomo,Consultora Generalista em RH,"5/3/18, 2:13 PM"
webirenaldo irenaldo,Irenaldo,webirenaldo@hotmail.com,Autônomo,Engenheiro civil,"3/13/18, 5:17 AM"
Francisco Lucas,Cordeiro Tomé,flucastome@gmail.com,Sebrae,Estagiário,"9/25/16, 12:11 PM"
Eric,Breno,eric.santos@ccc.ufcg.edu.br,SuperSportBr,Desenvolvedor,"5/25/18, 10:54 AM"
Estácio,Pereira,estacio.pereira@gmail.com,Software Practices Laboratory,Front-end Developer,"3/27/18, 9:40 AM"
Edson,Daniel,edsondaniel_92@yahoo.com.br,Edson Daniel - Advogados Associados,Advogado,"8/17/18, 5:57 AM"
Ermeson,Nóbrega,ermeson.nobrega@dce.ufpb.br,Espaco Cidadania E Oportunidades Sociais,Infraestrutura de tecnologia da informação,"5/29/18, 11:13 AM"
Heloísa Vittória,Brustolim Fonseca,heloisa.vittoria@gmail.com,Zero to One Search ,IT Head Hunter,"5/18/18, 7:12 AM"
Kevelen,West,kelvinho_west@hotmail.com,TEM de Tudo - Serviços em Informática,Estagiário,"10/29/16, 10:51 AM"
Janderson,Santos,janderson369@hotmail.com,Alpargatas S.A.,Operator in The export sector,"6/16/18, 7:57 PM"
antonio marcos pinto,marcos,antoniomarcosboby@gmail.com,hotel cabo branco atlantico,aux cervisos gerais,"9/20/18, 7:34 AM"
Leo,Madson Vieira,leovieira83@yahoo.com.br,English Republic ensino de idiomas,Teacher,"3/14/18, 2:58 PM"
Carlos,Interaminense,carlos.interaminense@ccc.ufcg.edu.br,Laboratório de Percepção Computacional - LPC,Desenvolvedor Pleno,"3/24/18, 11:04 AM"
Gustavo,Diniz Monteiro,dinizmonteirogustavo@gmail.com,Laboratório de Sistemas Distribuídos,Cloud Software Developer,"4/15/18, 8:10 AM"
Antonio,"Coutinho, CTFL, SFC™",antoniorodrigues.coutinho@gmail.com,"Virtus, UFCG",Software Quality Assurance Analyst ,"4/20/18, 7:10 AM"
Ronaldo,Regis,ronaldoregis87@gmail.com,Hampr,Full-stack Developer,"3/19/18, 2:43 PM"
Thiago,Silva de Oliveira,thiagosilvaoliveira068@gmail.com,EQUIPEÇAS,Estagiário de gestão,"7/19/18, 6:25 PM"
Sergio,Silveira Imoveis,contato@ssilveiraimoveis.com.br,Sérgio Silveira Imóveis,Diretor,"5/20/18, 11:56 AM"
Pablo,Herivelton,pherivelton@gmail.com,Universidade Estadual da Paraíba,Software Developer,"3/16/18, 2:52 AM"
Kelvin,Soares,kelvincg08@gmail.com,Sciensa,Front-end Developer,"4/16/18, 6:10 AM"
Van Eyck,Silva,vaneyck23@gmail.com,TOTVS,Estagiário,"3/10/18, 9:11 AM"
Lindemberg,Rodrigues,bergfla2010@hotmail.com,,,"4/2/18, 5:23 PM"
Karollyna,Batista ,karollyna.bp@gmail.com,Universidade Federal da Paraíba,Estagiário,"8/12/18, 5:02 PM"
Marcelo,Martins,marcelo.martins@dce.ufpb.br,Eagle - Soluções Digitais,Software Web Developer,"4/9/18, 9:58 AM"
Jailton,Ventura,jottha_2006@hotmail.com,Unifacisa Centro Universitário - LTI,Desenvolvedor de software,"3/26/18, 3:37 PM"
Renan,Ferreira,adm.ferreirarenan@gmail.com,"Pecon gestão condominial, contábil e serviços Ltda.",responsável administrativo do setor de cobrança,"3/20/18, 5:35 AM"
Laerton,Marques,laerton240311@gmail.com,SIL - Sousa Informática Ltda,Gerente de desenvolvimento,"3/7/18, 2:22 AM"
Italo,Augusto,italoapsouza@gmail.com,Liq,Supervisor de operações,"8/1/18, 8:01 AM"
Tayná,Silva,taynubs@gmail.com,JBS,Vendedora Interna,"3/12/18, 8:15 AM"
Alisson,Santos,alissonssw@gmail.com,Stefanini,Desenvolvedor de software,"3/27/18, 2:55 AM"
Kayc,Drummond,kayc.dru@gmail.com,Stefanini,Analista de suporte técnico,"4/4/18, 2:20 PM"
Eriberto,Porto,eribertojr@hotmail.com,vitaflor,portaria,"3/13/18, 5:20 AM"
Samuel,Novaes,samuel.moura@ccc.ufcg.edu.br,Universidade Federal de Campina Grande,Guardian,"7/29/18, 3:48 PM"
Jadson ,Feitosa ,jadson.feitosa.silva@gmail.com,Graduando em Analise e Desenvolvimento de Sistemas,Estudante de Graduação,"12/26/17, 8:16 AM"
Matheus,Melo,matheus.almeida@ccc.ufcg.edu.br,Software Practices Laboratory / Laboratório de Sistemas Distribuidos,Pesquisador/Desenvolvedor de software,"3/25/18, 8:15 AM"
Jocení,Filho,jocenifilho3@gmail.com,Acqio,Analista de credenciamento,"9/7/17, 8:00 AM"
Filipe,Teotônio,filipetrm@gmail.com,Laboratório de Sistemas Distribuídos,Research Developer,"7/27/18, 1:05 PM"
Jobson Lucas,Dias da Silva,lucassdyas9@gmail.com,Laboratório de Sistemas Distribuídos,Data Center Analytics ,"3/28/18, 11:55 AM"
Matheus,Gaudencio do Rêgo,matheusgr@gmail.com,Universidade Federal de Campina Grande,Professor,"5/5/18, 3:51 AM"
Helder,Ronyer,helderronyer@gmail.com,"Virtus, UFCG",Data Analyst,"3/14/18, 3:40 PM"
Danny,Dickinson,danny.dickinson@outlook.com,Softcom Tecnologia,Network Analyst Senior,"3/6/18, 8:25 AM"
Lukas,Montenegro,lukas@montenegroadvogados.com.br,Montenegro Advogados Associados,Diretor,"3/14/18, 11:37 AM"
Douglas,Pereira de Lima,douglasplima7@gmail.com,Douglas Transportes,Proprietário,"3/20/18, 4:22 PM"
James Michael,Schaaf,michael.schaaf@blazemeter.com,CA Technologies,Digital Sales Account Manager,"3/14/18, 4:26 AM"
Victor,Montenegro,victor.lorran@icloud.com,Mais Medicos Brasil,Coordenador,"3/20/18, 7:00 PM"
Doglas,Lima,dogllas12@hotmail.com,COTEMINAS S.A.,tecnico em eletromecânica,"3/11/18, 6:41 PM"
🔹Caio,Dos Anjos,caiodosanjos97@gmail.com,Indústrias Reunidas Raymundo da Fonte,Técnico de Processos,"8/26/18, 9:02 AM"
Valdir,Silva,teobbu@gmail.com,Autônomo,aposentado,"3/16/18, 5:46 PM"
FÁBIO,DUARTE,novatech.solucoes@gmail.com,ITLine - Campina Grande PB,Técnico de redes,"3/14/18, 9:18 AM"
Nathanael,Lucas,nathanael_nlts@hotmail.com,DSA Engenharia,Auxiliar administrativo,"3/21/18, 7:35 AM"
Ana,Gomes,annagomes_claro@hotmail.com,Mamografia Express Digital,Gerente Regional,"3/12/18, 2:42 AM"
Angelo,Medeiros,angelomedeiros3@gmail.com,Sharkbit Tecnologia,"Desenvolvedor FullStack, QA e DevOps","3/9/18, 4:50 PM"
Silvia,Carolina,silcarol_pinto@hotmail.com,Assaí Atacadista - GPA,Auxiliar de faturamento,"4/9/18, 9:22 AM"
Thiago,Escorel,thiagoescorel@yahoo.com.br,Bradesco,Caixa de banco,"9/19/18, 9:24 AM"
Alexsandro,Ferreira,alexs.ferreira190870@gmail.com,INOVAR em Parceria com PÓS-FIP - Faculdade Integrada de Patos,Assistente administrativo,"3/5/18, 6:30 AM"
Ricardo,Luiz da Costa Carvalho,ricarvalhocg10@gmail.com,SL7 TECNOLOGIA,Analista de sistemas,"3/17/18, 7:12 PM"
Ralmon,Sousa,ralmonbass@hotmail.com,Chronos- Escola de Música.,Professor,"4/26/18, 6:14 PM"
Gabriel,Rodrigues,gabriel.rodrigues2452@gmail.com,C.D. Vieira Produtos Naturais EEP (Natulife),Auxiliar de administração,"4/13/18, 2:45 PM"
Cesar Augusto,Torres Dias,cesar_agt@ig.com.br,Liq,Analista de Qualidade Consultiva,"7/2/18, 9:38 AM"
Argosoft,Tecnologia da Informação,argosoft.ti@gmail.com,,,"3/10/18, 4:30 AM"
Aguirre,Sabino,aguirresabino187@gmail.com,RedeNet Soluções e Comércio em TI,Analista de sistema,"3/4/18, 11:08 AM"
Naiara,Regina,naiararegina54@gmail.com,Prodepa,Estagiário,"7/27/18, 8:22 AM"
Gilberto,Vieira,gilbertoafk01@hotmail.com,,,"3/16/18, 6:42 AM"
Norma,Sérgio,norma.sergio@hotmail.com,Ramo Sistemas Digitais,Consultora / Prospecção / Vendas B2B - SAP,"6/24/18, 6:36 AM"
César,Ferreira,cesar.ferreira.tn@gmail.com,Embedded Lab,Desenvolvedor de software,"4/15/18, 9:58 AM"
Lucas,Christopher,lucas.christopher.silva@ccc.ufcg.edu.br,,,"3/26/18, 5:56 PM"
Yara,de Moura Leite,yaramoura456@gmail.com,Laboratório de Análises Clínicas Dr Ivan Cavalcanti,Supervisora,"8/13/17, 1:16 PM"
Cinthia,Costa,cinthia.rocker@gmail.com,,,"9/21/17, 12:23 PM"
André,Nunes,andrenba@gmail.com,WEX,Senior Quality Assurance Analyst,"7/14/18, 7:59 AM"
Sheilla,Silva,sheilla.silva@ccc.ufcg.edu.br,Embedded Lab,Quality Assurance Analyst,"3/27/18, 8:06 AM"
Daniele Santana,Leandro,daniele.leandro21@outlook.com,11 gerência de saude,Serviço social,"3/30/18, 3:39 PM"
Tiago,Brasileiro Araújo,brasileiroaraujo@gmail.com,"Instituto Federal de Educação, Ciência e Tecnologia da Paraiba",Professor substituto,"7/19/18, 5:27 AM"
Bianca,Santos,bianca_ssantos@yahoo.com.br,"Eliene José - Seu Estilo, Sua Beleza.",Profissional autônomo,"9/20/18, 9:30 AM"
Marcus,Tenorio,tenorio.marcus@gmail.com,Laboratório de Sistemas Distribuídos,Researcher Assistant,"4/16/18, 12:34 PM"
Wallisson,Gomes,wallissongomescosta@gmail.com,Autônomo,Representante de vendas,"6/4/18, 4:16 AM"
Ícaro,Vasconcelos Souza,ivs.icaro@gmail.com,Laboratório de Sistemas Distribuídos,Administrador de sistema,"4/16/18, 10:24 AM"
Laís,Egito,laisegito@gmail.com,Ramos & Silva Serviços de Correspondente Bancário Ltda,Promotor de vendas,"4/13/18, 12:46 PM"
Jadson,Souza,jadsonalexandreg@gmail.com,,,"9/30/17, 4:17 PM"
Terças,de Projeto,tercasdeprojeto@gmail.com,Terças de Projeto,PMO (Escritório de projetos),"5/9/18, 1:25 PM"
Wenderson,Sinfroni Fagundes,wenderson_fagundes@hotmail.com,Ajinomoto do Brasil Industria e Comércio de Alimentos Ltda.,Operador de produção,"3/29/18, 4:01 AM"
Sergiorlando,Santa cruz da Silva sobrinho,sergiorlando.santacruz@gmail.com,EBDI - Enterprise Business Development & Information,Account Executive,"3/14/18, 4:08 AM"
Héricles,Emanuel,hericles.me@gmail.com,Autônomo,Desenvolvedor de software,"3/26/18, 3:06 PM"
Elijefferson,Gomes Mendes,elijefersson@gmail.com,Aqui Machine,Técnico em Eletrônica,"6/15/18, 12:34 PM"
Jefferson,Lima,jeffersonlima262@gmail.com,LATAM Airlines,Agente de viagens,"9/1/18, 4:17 AM"
Luiz,Antonio Pereira Silva,luiz.antoniops95@gmail.com,Laboratório de Instrumentação Eletrônica e Controle,Pesquisador Mestre,"11/18/17, 5:00 AM"
Eri Jonhson,Oliveira da Silva,erijonhson.os@gmail.com,Embedded Lab,Desenvolvedor de software,"6/21/18, 5:54 AM"
Raquel,Rufino,quelrufino35@gmail.com,Embedded Lab,Software developer ,"7/18/18, 2:24 PM"
Maria Eduarda,Da Silva,mariaeduardadasilva905@gmail.com,,,"3/3/18, 2:48 PM"
Raoni,Smaneoto,raoni.smaneoto@ccc.ufcg.edu.br,Software Practices Laboratory,Developer,"3/28/18, 7:03 PM"
Natã,Macêdo,nata.sergiomacedo@hotmail.com,Macêdo Representações,Diretor comercial,"8/3/18, 4:01 AM"
José,Chaves”,josechavesdm@gmail.com,Softplan Planejamento e Sistemas,Assistente de suporte a sistemas,"3/9/18, 10:15 AM"
Aurélio,Filgueiras,aurelio_afj@hotmail.com,DATASHOP COM E SERVIÇO DE INFORMATICA LTDA,Designer Gráfico,"7/24/18, 12:12 PM"
Matheus,Costa,matheussilva8783@gmail.com,Supermercado Super Esperança,Empacotador,"8/11/18, 3:26 PM"
Fagner,Cândido,fagner.candido18@gmail.com,Plural Serviços e Terceirizações,Analista Fiscal Pleno,"6/14/18, 4:41 PM"
Flávio,Pimentel,flaviopimentel@hotmail.com,Orbitall Powered by Stefanini,Supervisão Backoffice,"3/21/18, 11:28 AM"
Ksenia,Niechaieva,niechaieva.ksju@gmail.com,IT DEV GROUP,Recruiter,"8/28/18, 4:37 AM"
Daiana Aparecida,Garcia Oliveira,ogad@outlook.com.br,Supermercados BH,Operadora de Caixa,"3/14/18, 3:07 PM"
Alisson,Erik,wainfoservice@gmail.com,Autônomo,Analista de suporte técnico,"7/10/18, 2:30 PM"
Ronaximandro,Freitas,ronaximandro@gmail.com,Prefeitura Municipal de Limoeiro ,Agente Administrativo,"6/14/18, 5:02 PM"
Dayane,Almeida,dayane.almeida_@hotmail.com,,,"5/24/18, 5:27 AM"
Eliabe,Melo,,,,"5/25/18, 6:55 AM"
Ana Gabriela,Santiago,anagabriela-adm@hotmail.com,A procura de novos desafios ,Analista financeiro,"9/4/18, 11:06 AM"
Marcos,Junior,juninhobtp@hotmail.com,,,"7/15/18, 7:36 AM"
João Fabiano,Engel,jengel_player@hotmail.com,Jardins Grill,Garçom,"8/24/18, 12:19 PM"
Kristian,Capeline,kristian.capeline@gmail.com,Universidade Positivo,Coordenador de Cluster,"8/8/18, 6:07 AM"
Eduardo,Dantas,edu050712@gmail.com,Procurando Recolocação,Gerente,"6/20/18, 6:36 AM"
Andrezinho,Zello,urn:li:member:648908098,,,"4/6/18, 6:47 AM"
Hebert,Luiz,hebert_luiz@hotmail.com,MANUTENCAO CG CONSULTORIA EM INFORMATICA,Consultor em Informática,"4/7/18, 1:18 PM"
Jose Renan de melo,Melo,urn:li:member:649570671,,,"4/9/18, 6:05 AM"
FERNANDO,ROCHA,admferocha@gmail.com,CONSULTORIA ODNANREF,TRAINING IN BUSINESS ADMINISTRATION | COLABORADOR DE COMUNICAÇÃO & RELACIONAMENTOS,"6/23/18, 9:37 AM"
MICHELE INGLIS,DE SOUZA,micheleils@hotmail.com,AeC Contact Center,Atendente de telemarketing,"8/16/18, 2:48 AM"
Luciano,Eiras ,luciano.eiras@rhf.com.br,,,"8/29/18, 10:07 AM"
Ronaldo,Antunes,ronaldo.antunes.filho@hotmail.com,Codebox,Analista de sistema,"7/13/18, 11:06 AM"
Vitor,Nascimento,vitor_lima1602@hotmail.com,Fapenp Etiquetas,Meio oficial gráfico,"9/15/18, 3:21 PM"
Marcia,Barbosa,marcianathielle@gmail.com,prefeitura municipal de campina grande,Recepcionista médico,"7/25/18, 3:40 PM"
Joás,Ferreira,ferreira.joas.17@gmail.com,,,"6/23/18, 7:55 AM"
Aldair,Alves Oliveira,aldairalves1012@gmail.com,,,"7/7/18, 5:27 PM"
Thays,Dantas,thays.dantas@ebdicorp.com.br,EBDI - Enterprise Business Development & Information,Research Lover,"8/8/18, 12:18 PM"
LUCAS,OLIVEIRA,oliveiralucas33@hotmail.com,FCA Fiat Chrysler Automobiles,Técnico de processos,"9/22/18, 10:51 AM"
Wenny,Tharllys,wennytarllys@outlook.com,F W Souza Produções Musicais e Eventos Ltda-ME,Sócio proprietário,"7/17/18, 12:26 PM"
Josinalda,Ferreira Garrido,josyferreira06@hotmail.com,Universidade Federal de Campina Grande,Engenheira Florestal,"7/13/18, 10:36 AM"
Ana,Souza,anna.rittasd@gmail.com,Autônomo,Administrador,"7/30/18, 4:46 PM"
Camila,Lopes,cahlopes931@gmail.com,amazonas leste ltda,Auxiliar administrativo,"7/24/18, 6:39 AM"
Maria Betânia ,Pereira Primo,mariabetania_rh@hotmail.com,Emanuel Colagens Industriais,Atendente Comercial,"8/3/18, 4:01 AM"
Eduardo,Moreira,edumoreirajj@gmail.com,,,"8/6/18, 10:30 AM"
AROLDO V ALBUQUERQUE,JUNIOR,jandilmaaroldo@gmail.com,Professor,Professor,"9/9/18, 4:54 AM"
Felipe,Noronha,folopson@gmail.com,,,"9/18/18, 4:14 AM"
Vitor,Lima,vitor_lima_10@live.com,PROSPECT Empresa Júnior de Administração da UFCG,Consultor de projetos,"9/2/18, 4:37 PM"
Beatriz,Lucena,beatrizlucenacg2014@gmail.com,,,"8/20/18, 3:53 AM"
Matheus,Oliveira,matheus7op@gmail.com,Laboratório de Sistemas Distribuídos,Desenvolvedor,"9/11/18, 5:08 AM"
Patrícia,Santos,patriciasantos.pb7@gmail.com,,,"9/18/18, 7:12 PM"
